#
# A fatal error has been detected by the Java Runtime Environment:
#
#  SIGSEGV (0xb) at pc=0x00000001083601b8, pid=75761, tid=259
#
# JRE version: OpenJDK Runtime Environment Homebrew (25.0.2) (build 25.0.2)
# Java VM: OpenJDK 64-Bit Server VM Homebrew (25.0.2, mixed mode, sharing, tiered, compressed oops, compressed class ptrs, g1 gc, bsd-aarch64)
# Problematic frame:
# C  [libglass.dylib+0x281b8]  Java_com_sun_glass_ui_mac_MacView__1enableInputMethodEvents+0x7288
#
# No core dump will be written. Core dumps have been disabled. To enable core dumping, try "ulimit -c unlimited" before starting Java again
#
# If you would like to submit a bug report, please visit:
#   https://github.com/Homebrew/homebrew-core/issues
#

---------------  S U M M A R Y ------------

Command Line: --module-path=/Users/arafat/.m2/repository/org/openjfx/javafx-base/21.0.6/javafx-base-21.0.6-mac-aarch64.jar:/Users/arafat/.m2/repository/org/openjfx/javafx-base/21.0.6/javafx-base-21.0.6.jar:/Users/arafat/.m2/repository/org/openjfx/javafx-controls/21.0.6/javafx-controls-21.0.6-mac-aarch64.jar:/Users/arafat/.m2/repository/org/openjfx/javafx-controls/21.0.6/javafx-controls-21.0.6.jar:/Users/arafat/.m2/repository/org/openjfx/javafx-graphics/21.0.6/javafx-graphics-21.0.6-mac-aarch64.jar:/Users/arafat/.m2/repository/org/openjfx/javafx-graphics/21.0.6/javafx-graphics-21.0.6.jar --add-modules=javafx.base,javafx.controls,javafx.graphics org.example.cluedo.AppCluedo

Host: "MacBookPro17,1" arm64, 8 cores, 8G, Darwin 25.2.0, macOS 26.2 (25C56)
Time: Mon Jun  1 13:45:11 2026 CEST elapsed time: 471.443881 seconds (0d 0h 7m 51s)

---------------  T H R E A D  ---------------

Current thread is native thread

Stack: [0x000000016cd10000,0x000000016d50c000],  sp=0x000000016d5076a0,  free space=8157k
Native frames: (J=compiled Java code, j=interpreted, Vv=VM code, C=native code)
C  [libglass.dylib+0x281b8]  Java_com_sun_glass_ui_mac_MacView__1enableInputMethodEvents+0x7288
C  [CoreFoundation+0x56494]  __CFNOTIFICATIONCENTER_IS_CALLING_OUT_TO_AN_OBSERVER__+0x94
C  [CoreFoundation+0xbaf44]  ___CFXRegistrationPost_block_invoke+0x5c
C  [CoreFoundation+0xbae88]  _CFXRegistrationPost+0x1b4
C  [CoreFoundation+0x34f94]  _CFXNotificationPost+0x2e4
C  [Foundation+0xa0c3a0]  -[NSNotificationCenter postNotificationName:object:userInfo:]+0x58
C  [AppKit+0xc5008]  -[NSWindow resignKeyWindow]+0x26c
C  [AppKit+0xd0a5ac]  -[NSWindow _sendResignKeyWindow]+0x64
C  [AppKit+0xd100a8]  -[NSWindow _orderOut:calculatingKeyWithOptions:documentWindow:]+0xe4
C  [AppKit+0x41a10]  NSPerformVisuallyAtomicChange+0x6c
C  [AppKit+0xd11dbc]  -[NSWindow _reallyDoOrderWindowOutRelativeTo:]+0x1e8
C  [AppKit+0xd12120]  -[NSWindow _reallyDoOrderWindow:]+0x50
C  [AppKit+0xd12a94]  __27-[NSWindow _doOrderWindow:]_block_invoke+0x228
C  [AppKit+0x41a10]  NSPerformVisuallyAtomicChange+0x6c
C  [AppKit+0xd12868]  -[NSWindow _doOrderWindow:]+0x39c
C  [AppKit+0xd0bc2c]  -[NSWindow _finishClosingWindow]+0x1bc
C  [AppKit+0x1467b0]  -[NSWindow _close]+0x17c
C  [libglass.dylib+0x28920]  Java_com_sun_glass_ui_mac_MacView__1enableInputMethodEvents+0x79f0
C  [Foundation+0x38114]  __NSThreadPerformPerform+0x108
C  [CoreFoundation+0x5f9f8]  __CFRUNLOOP_IS_CALLING_OUT_TO_A_SOURCE0_PERFORM_FUNCTION__+0x1c
C  [CoreFoundation+0x5f98c]  __CFRunLoopDoSource0+0xac
C  [CoreFoundation+0x5f75c]  __CFRunLoopDoSources0+0x14c
C  [CoreFoundation+0x5e388]  __CFRunLoopRun+0x334
C  [CoreFoundation+0x118e34]  _CFRunLoopRunSpecificWithOptions+0x214
C  [libjli.dylib+0x7dc8]  CreateExecutionEnvironment+0x198
C  [libjli.dylib+0x3db8]  JLI_Launch+0x248
C  [java+0x101c]  main+0x184
C  [dyld+0x8d54]  start+0x1c10

siginfo: si_signo: 11 (SIGSEGV), si_code: 2 (SEGV_ACCERR), si_addr: 0x0000000000000000

Registers:
 x0=0x0000000000000000  x1=0x0000000000000060  x2=0xfffff0007fc00000  x3=0x0000000000000001
 x4=0x000000000399eae0  x5=0x0000000000000009  x6=0x000000000000000a  x7=0x0000000000000001
 x8=0x0000000000000000  x9=0x000000007fbff55f x10=0x0000000000000000 x11=0x0000000000000000
x12=0x0000400180400aa0 x13=0x0000300000400400 x14=0x0000000000000800 x15=0x000000000000009f
x16=0x952d000bd088ea00 x17=0x0000000003000400 x18=0x0000000000000000 x19=0x0000000bcd161d60
x20=0x0000000bd088ea00 x21=0x0000000000000000 x22=0x00000001083855d0 x23=0x0000000bd088eae0
x24=0x0000000000000000 x25=0x0000000000041400 x26=0x0000000000000000 x27=0x0000006000000068
x28=0x000000016d507ba8  fp=0x000000016d507af0  lr=0x00000001083601b4  sp=0x000000016d5076a0
pc=0x00000001083601b8 cpsr=0x0000000000001000

Top of Stack: (sp=0x000000016d5076a0)
0x000000016d5076a0:   0000000108370766 00000001083706e0   f.7.......7.....
0x000000016d5076b0:   0000000000000060 0000000108360178   `.......x.6.....
0x000000016d5076c0:   0000000188833494 0000000188897f44   .4......D.......
0x000000016d5076d0:   0000000188897e88 0000000188811f94   .~..............
0x000000016d5076e0:   000000018aa3b3a0 000000018ccf4008   .........@......
0x000000016d5076f0:   000000018d9395ac 000000018d93f0a8   ................
0x000000016d507700:   000000018cc70a10 000000018d940dbc   ................
0x000000016d507710:   000000018d941120 000000018d941a94    ...............
0x000000016d507720:   000000018cc70a10 000000018d941868   ........h.......
0x000000016d507730:   000000018d93ac2c 000000018cd757b0   ,........W......
0x000000016d507740:   0000000108360920 000000018a067114    .6......q......
0x000000016d507750:   000000018883c9f8 000000018883c98c   ................
0x000000016d507760:   000000018883c75c 000000018883b388   \...............
0x000000016d507770:   00000001888f5e34 0000000102933dc8   4^.......=......
0x000000016d507780:   000000010292fdb8 00000001028f501c   .........P......
0x000000016d507790:   00000001883d5d54 0000000000000000   T]=.............
0x000000016d5077a0:   000000016d507890 00000001f57d0bc8   .xPm......}.....
0x000000016d5077b0:   000000016d507898 000000016d507870   .xPm....pxPm....
0x000000016d5077c0:   000000016d507840 000000019ba7f9a0   @xPm............
0x000000016d5077d0:   000000016d507850 00000001f57e5d78   PxPm....x]~.....
0x000000016d5077e0:   0000000000000000 00000001f57e0000   ..........~.....
0x000000016d5077f0:   000000016d5078c8 0000000000000001   .xPm............
0x000000016d507800:   0000000000000000 00000001e16bac2b   ........+.k.....
0x000000016d507810:   0000000bd02e27c0 00000001f83f20e8   .'....... ?.....
0x000000016d507820:   000000016d507978 0000000000000000   xyPm............
0x000000016d507830:   0000000bd004dc80 000000016d5078c8   .........xPm....
0x000000016d507840:   000000016d5078b0 00000001f83e0bf0   .xPm......>.....
0x000000016d507850:   000000016d5078c0 00000001f708acd0   .xPm............
0x000000016d507860:   000000016d5078a0 000000019ba4440c   .xPm.....D......
0x000000016d507870:   0000000bd004dca8 0000000000000008   ................
0x000000016d507880:   000000016d5078b0 00000001f83e0c00   .xPm......>.....
0x000000016d507890:   000000016d5078c0 00000001f708acd0   .xPm............

Instructions: (pc=0x00000001083601b8)
  0x00000001083600b8:   1f 20 03 d5 22 ad 12 58 e0 03 14 aa 00 01 3f d6
  0x00000001083600c8:   a8 83 5c f8 1f 20 03 d5 89 02 0c 58 29 01 40 f9
  0x00000001083600d8:   3f 01 08 eb 80 f8 ff 54 a7 1b 00 94 f8 5f bc a9
  0x00000001083600e8:   f6 57 01 a9 f4 4f 02 a9 fd 7b 03 a9 fd c3 00 91
  0x00000001083600f8:   ff 83 10 d1 1f 20 03 d5 08 01 0c 58 08 01 40 f9
  0x0000000108360108:   a8 83 1c f8 1f 20 03 d5 1f 20 03 d5 08 34 11 98
  0x0000000108360118:   08 68 68 f8 68 06 00 b5 f3 03 00 aa b7 20 00 94
  0x0000000108360128:   56 a5 12 10 1f 20 03 d5 c0 02 40 f9 20 04 00 b5
  0x0000000108360138:   1f 20 03 d5 68 ff 0b 58 00 01 40 f9 0a 0c 80 52
  0x0000000108360148:   c8 2c 08 10 1f 20 03 d5 a9 30 08 50 1f 20 03 d5
  0x0000000108360158:   e8 ab 00 a9 e9 03 00 f9 61 9d 06 50 1f 20 03 d5
  0x0000000108360168:   b2 1b 00 94 e0 63 00 91 01 10 80 52 8e 1b 00 94
  0x0000000108360178:   f5 03 00 aa e0 63 00 91 e1 03 15 aa 8d 1b 00 94
  0x0000000108360188:   f4 03 00 aa bf 06 00 71 eb 00 00 54 f5 03 15 2a
  0x0000000108360198:   f7 03 14 aa e0 86 40 f8 88 1c 00 94 b5 06 00 f1
  0x00000001083601a8:   a1 ff ff 54 e0 03 14 aa a6 1b 00 94 c0 02 40 f9
=>0x00000001083601b8:   08 00 40 f9 08 f5 40 f9 1f 20 03 d5 1f 20 03 d5
  0x00000001083601c8:   a9 2d 11 98 61 6a 69 f8 1f 20 03 d5 1f 20 03 d5
  0x00000001083601d8:   c2 a3 12 58 a9 43 80 52 e9 03 00 f9 00 01 3f d6
  0x00000001083601e8:   a8 83 5c f8 1f 20 03 d5 89 f9 0b 58 29 01 40 f9
  0x00000001083601f8:   3f 01 08 eb e1 00 00 54 ff 83 10 91 fd 7b 43 a9
  0x0000000108360208:   f4 4f 42 a9 f6 57 41 a9 f8 5f c4 a8 c0 03 5f d6
  0x0000000108360218:   59 1b 00 94 f6 57 bd a9 f4 4f 01 a9 fd 7b 02 a9
  0x0000000108360228:   fd 83 00 91 f3 03 00 aa 1f 20 03 d5 1f 20 03 d5
  0x0000000108360238:   54 2a 11 98 00 68 74 f8 00 29 00 94 a0 00 00 b4
  0x0000000108360248:   60 6a 74 f8 fd 28 00 94 62 6a 74 f8 f3 29 00 94
  0x0000000108360258:   60 6a 74 f8 19 22 00 94 f4 03 00 aa 8f 22 00 94
  0x0000000108360268:   60 01 00 b4 15 00 80 d2 e0 03 14 aa e2 03 15 aa
  0x0000000108360278:   9a 28 00 94 31 22 00 94 b5 06 00 91 e0 03 14 aa
  0x0000000108360288:   86 22 00 94 bf 02 00 eb 03 ff ff 54 1f 20 03 d5
  0x0000000108360298:   1f 20 03 d5 a0 99 12 58 c0 01 00 b4 08 00 40 f9
  0x00000001083602a8:   03 f5 40 f9 1f 20 03 d5 1f 20 03 d5 48 26 11 98



---------------  P R O C E S S  ---------------

VM state: at safepoint (normal execution)

VM Mutex/Monitor currently owned by a thread:  ([mutex/lock_event])
[0x0000000108f7e380] ThreadsLockThrottle_lock - owner thread: 0x0000000bccc65800
[0x0000000108f7e680] Threads_lock - owner thread: 0x0000000bccc5d800
[0x0000000108f7e800] Heap_lock - owner thread: 0x0000000bcc38d800

Heap address: 0x0000000780000000, size: 2048 MB, Compressed Oops mode: Zero based, Oop shift amount: 3

CDS archive(s) mapped at: [0x00001fff00000000-0x00001fff00d94000-0x00001fff00d94000), size 14237696, SharedBaseAddress: 0x00001fff00000000, ArchiveRelocationMode: 1.
Compressed class space mapped at: 0x00001fff01000000-0x00001fff41000000, reserved size: 1073741824
UseCompressedClassPointers 1, UseCompactObjectHeaders 0
Narrow klass pointer bits 32, Max shift 3
Narrow klass base: 0x00001fff00000000, Narrow klass shift: 0
Encoding Range: [0x00001fff00000000 - 0x0000200000000000), (4294967296 bytes)
Klass Range:    [0x00001fff00004000 - 0x00001fff41000000), (1090502656 bytes)
Klass ID Range:  [16384 - 1090519033) (1090502649)
Protection zone: [0x00001fff00000000 - 0x00001fff00004000), (16384 bytes)

GC Precious Log:
<Skipped>

Heap:
 garbage-first heap   total reserved 2097152K, committed 133120K, used 78240K [0x0000000780000000, 0x0000000800000000)
  region size 1024K, 71 young (72704K), 8 survivors (8192K)

Heap Regions: E=young(eden), S=young(survivor), O=old, HS=humongous(starts), HC=humongous(continues), CS=collection set, F=free, TAMS=top-at-mark-start, PB=parsable bottom
|   0|0x0000000780000000, 0x0000000780100000, 0x0000000780100000|100%|HS|  |TAMS 0x0000000780000000| PB 0x0000000780000000| Complete |  0
|   1|0x0000000780100000, 0x0000000780200000, 0x0000000780200000|100%|HC|  |TAMS 0x0000000780100000| PB 0x0000000780100000| Complete |  0
|   2|0x0000000780200000, 0x0000000780300000, 0x0000000780300000|100%|HC|  |TAMS 0x0000000780200000| PB 0x0000000780200000| Complete |  0
|   3|0x0000000780300000, 0x0000000780400000, 0x0000000780400000|100%|HS|  |TAMS 0x0000000780300000| PB 0x0000000780300000| Complete |  0
|   4|0x0000000780400000, 0x0000000780500000, 0x0000000780500000|100%|HC|  |TAMS 0x0000000780400000| PB 0x0000000780400000| Complete |  0
|   5|0x0000000780500000, 0x0000000780546f48, 0x0000000780600000| 27%| O|  |TAMS 0x0000000780500000| PB 0x0000000780500000| Untracked |  0
|   6|0x0000000780600000, 0x0000000780600000, 0x0000000780700000|  0%| F|  |TAMS 0x0000000780600000| PB 0x0000000780600000| Untracked |  0
|   7|0x0000000780700000, 0x0000000780700000, 0x0000000780800000|  0%| F|  |TAMS 0x0000000780700000| PB 0x0000000780700000| Untracked |  0
|   8|0x0000000780800000, 0x0000000780800000, 0x0000000780900000|  0%| F|  |TAMS 0x0000000780800000| PB 0x0000000780800000| Untracked |  0
|   9|0x0000000780900000, 0x0000000780900000, 0x0000000780a00000|  0%| F|  |TAMS 0x0000000780900000| PB 0x0000000780900000| Untracked |  0
|  10|0x0000000780a00000, 0x0000000780a00000, 0x0000000780b00000|  0%| F|  |TAMS 0x0000000780a00000| PB 0x0000000780a00000| Untracked |  0
|  11|0x0000000780b00000, 0x0000000780b00000, 0x0000000780c00000|  0%| F|  |TAMS 0x0000000780b00000| PB 0x0000000780b00000| Untracked |  0
|  12|0x0000000780c00000, 0x0000000780c00000, 0x0000000780d00000|  0%| F|  |TAMS 0x0000000780c00000| PB 0x0000000780c00000| Untracked |  0
|  13|0x0000000780d00000, 0x0000000780d00000, 0x0000000780e00000|  0%| F|  |TAMS 0x0000000780d00000| PB 0x0000000780d00000| Untracked |  0
|  14|0x0000000780e00000, 0x0000000780e00000, 0x0000000780f00000|  0%| F|  |TAMS 0x0000000780e00000| PB 0x0000000780e00000| Untracked |  0
|  15|0x0000000780f00000, 0x0000000780f00000, 0x0000000781000000|  0%| F|  |TAMS 0x0000000780f00000| PB 0x0000000780f00000| Untracked |  0
|  16|0x0000000781000000, 0x0000000781000000, 0x0000000781100000|  0%| F|  |TAMS 0x0000000781000000| PB 0x0000000781000000| Untracked |  0
|  17|0x0000000781100000, 0x0000000781100000, 0x0000000781200000|  0%| F|  |TAMS 0x0000000781100000| PB 0x0000000781100000| Untracked |  0
|  18|0x0000000781200000, 0x0000000781200000, 0x0000000781300000|  0%| F|  |TAMS 0x0000000781200000| PB 0x0000000781200000| Untracked |  0
|  19|0x0000000781300000, 0x0000000781300000, 0x0000000781400000|  0%| F|  |TAMS 0x0000000781300000| PB 0x0000000781300000| Untracked |  0
|  20|0x0000000781400000, 0x0000000781400000, 0x0000000781500000|  0%| F|  |TAMS 0x0000000781400000| PB 0x0000000781400000| Untracked |  0
|  21|0x0000000781500000, 0x0000000781500000, 0x0000000781600000|  0%| F|  |TAMS 0x0000000781500000| PB 0x0000000781500000| Untracked |  0
|  22|0x0000000781600000, 0x0000000781600000, 0x0000000781700000|  0%| F|  |TAMS 0x0000000781600000| PB 0x0000000781600000| Untracked |  0
|  23|0x0000000781700000, 0x0000000781700000, 0x0000000781800000|  0%| F|  |TAMS 0x0000000781700000| PB 0x0000000781700000| Untracked |  0
|  24|0x0000000781800000, 0x0000000781800000, 0x0000000781900000|  0%| F|  |TAMS 0x0000000781800000| PB 0x0000000781800000| Untracked |  0
|  25|0x0000000781900000, 0x0000000781900000, 0x0000000781a00000|  0%| F|  |TAMS 0x0000000781900000| PB 0x0000000781900000| Untracked |  0
|  26|0x0000000781a00000, 0x0000000781a00000, 0x0000000781b00000|  0%| F|  |TAMS 0x0000000781a00000| PB 0x0000000781a00000| Untracked |  0
|  27|0x0000000781b00000, 0x0000000781b00000, 0x0000000781c00000|  0%| F|  |TAMS 0x0000000781b00000| PB 0x0000000781b00000| Untracked |  0
|  28|0x0000000781c00000, 0x0000000781c00000, 0x0000000781d00000|  0%| F|  |TAMS 0x0000000781c00000| PB 0x0000000781c00000| Untracked |  0
|  29|0x0000000781d00000, 0x0000000781d00000, 0x0000000781e00000|  0%| F|  |TAMS 0x0000000781d00000| PB 0x0000000781d00000| Untracked |  0
|  30|0x0000000781e00000, 0x0000000781e00000, 0x0000000781f00000|  0%| F|  |TAMS 0x0000000781e00000| PB 0x0000000781e00000| Untracked |  0
|  31|0x0000000781f00000, 0x0000000781f00000, 0x0000000782000000|  0%| F|  |TAMS 0x0000000781f00000| PB 0x0000000781f00000| Untracked |  0
|  32|0x0000000782000000, 0x0000000782000000, 0x0000000782100000|  0%| F|  |TAMS 0x0000000782000000| PB 0x0000000782000000| Untracked |  0
|  33|0x0000000782100000, 0x0000000782100000, 0x0000000782200000|  0%| F|  |TAMS 0x0000000782100000| PB 0x0000000782100000| Untracked |  0
|  34|0x0000000782200000, 0x0000000782200000, 0x0000000782300000|  0%| F|  |TAMS 0x0000000782200000| PB 0x0000000782200000| Untracked |  0
|  35|0x0000000782300000, 0x0000000782300000, 0x0000000782400000|  0%| F|  |TAMS 0x0000000782300000| PB 0x0000000782300000| Untracked |  0
|  36|0x0000000782400000, 0x0000000782400000, 0x0000000782500000|  0%| F|  |TAMS 0x0000000782400000| PB 0x0000000782400000| Untracked |  0
|  37|0x0000000782500000, 0x0000000782500000, 0x0000000782600000|  0%| F|  |TAMS 0x0000000782500000| PB 0x0000000782500000| Untracked |  0
|  38|0x0000000782600000, 0x0000000782600000, 0x0000000782700000|  0%| F|  |TAMS 0x0000000782600000| PB 0x0000000782600000| Untracked |  0
|  39|0x0000000782700000, 0x0000000782700000, 0x0000000782800000|  0%| F|  |TAMS 0x0000000782700000| PB 0x0000000782700000| Untracked |  0
|  40|0x0000000782800000, 0x0000000782800000, 0x0000000782900000|  0%| F|  |TAMS 0x0000000782800000| PB 0x0000000782800000| Untracked |  0
|  41|0x0000000782900000, 0x0000000782900000, 0x0000000782a00000|  0%| F|  |TAMS 0x0000000782900000| PB 0x0000000782900000| Untracked |  0
|  42|0x0000000782a00000, 0x0000000782a00000, 0x0000000782b00000|  0%| F|  |TAMS 0x0000000782a00000| PB 0x0000000782a00000| Untracked |  0
|  43|0x0000000782b00000, 0x0000000782b00000, 0x0000000782c00000|  0%| F|  |TAMS 0x0000000782b00000| PB 0x0000000782b00000| Untracked |  0
|  44|0x0000000782c00000, 0x0000000782c00000, 0x0000000782d00000|  0%| F|  |TAMS 0x0000000782c00000| PB 0x0000000782c00000| Untracked |  0
|  45|0x0000000782d00000, 0x0000000782d00000, 0x0000000782e00000|  0%| F|  |TAMS 0x0000000782d00000| PB 0x0000000782d00000| Untracked |  0
|  46|0x0000000782e00000, 0x0000000782e00000, 0x0000000782f00000|  0%| F|  |TAMS 0x0000000782e00000| PB 0x0000000782e00000| Untracked |  0
|  47|0x0000000782f00000, 0x0000000782f00000, 0x0000000783000000|  0%| F|  |TAMS 0x0000000782f00000| PB 0x0000000782f00000| Untracked |  0
|  48|0x0000000783000000, 0x0000000783000000, 0x0000000783100000|  0%| F|  |TAMS 0x0000000783000000| PB 0x0000000783000000| Untracked |  0
|  49|0x0000000783100000, 0x0000000783100000, 0x0000000783200000|  0%| F|  |TAMS 0x0000000783100000| PB 0x0000000783100000| Untracked |  0
|  50|0x0000000783200000, 0x0000000783200000, 0x0000000783300000|  0%| F|  |TAMS 0x0000000783200000| PB 0x0000000783200000| Untracked |  0
|  51|0x0000000783300000, 0x0000000783300000, 0x0000000783400000|  0%| F|  |TAMS 0x0000000783300000| PB 0x0000000783300000| Untracked |  0
|  52|0x0000000783400000, 0x0000000783400000, 0x0000000783500000|  0%| F|  |TAMS 0x0000000783400000| PB 0x0000000783400000| Untracked |  0
|  53|0x0000000783500000, 0x0000000783500000, 0x0000000783600000|  0%| F|  |TAMS 0x0000000783500000| PB 0x0000000783500000| Untracked |  0
|  54|0x0000000783600000, 0x0000000783600000, 0x0000000783700000|  0%| F|  |TAMS 0x0000000783600000| PB 0x0000000783600000| Untracked |  0
|  55|0x0000000783700000, 0x0000000783700000, 0x0000000783800000|  0%| F|  |TAMS 0x0000000783700000| PB 0x0000000783700000| Untracked |  0
|  56|0x0000000783800000, 0x0000000783800000, 0x0000000783900000|  0%| F|  |TAMS 0x0000000783800000| PB 0x0000000783800000| Untracked |  0
|  57|0x0000000783900000, 0x0000000783936a08, 0x0000000783a00000| 21%| E|  |TAMS 0x0000000783900000| PB 0x0000000783900000| Complete |  0
|  58|0x0000000783a00000, 0x0000000783b00000, 0x0000000783b00000|100%| E|CS|TAMS 0x0000000783a00000| PB 0x0000000783a00000| Complete |  0
|  59|0x0000000783b00000, 0x0000000783c00000, 0x0000000783c00000|100%| E|CS|TAMS 0x0000000783b00000| PB 0x0000000783b00000| Complete |  0
|  60|0x0000000783c00000, 0x0000000783d00000, 0x0000000783d00000|100%| E|CS|TAMS 0x0000000783c00000| PB 0x0000000783c00000| Complete |  0
|  61|0x0000000783d00000, 0x0000000783e00000, 0x0000000783e00000|100%| S|CS|TAMS 0x0000000783d00000| PB 0x0000000783d00000| Complete |  0
|  62|0x0000000783e00000, 0x0000000783f00000, 0x0000000783f00000|100%| S|CS|TAMS 0x0000000783e00000| PB 0x0000000783e00000| Complete |  0
|  63|0x0000000783f00000, 0x0000000784000000, 0x0000000784000000|100%| S|CS|TAMS 0x0000000783f00000| PB 0x0000000783f00000| Complete |  0
|  64|0x0000000784000000, 0x0000000784100000, 0x0000000784100000|100%| S|CS|TAMS 0x0000000784000000| PB 0x0000000784000000| Complete |  0
|  65|0x0000000784100000, 0x0000000784200000, 0x0000000784200000|100%| S|CS|TAMS 0x0000000784100000| PB 0x0000000784100000| Complete |  0
|  66|0x0000000784200000, 0x0000000784300000, 0x0000000784300000|100%| S|CS|TAMS 0x0000000784200000| PB 0x0000000784200000| Complete |  0
|  67|0x0000000784300000, 0x0000000784400000, 0x0000000784400000|100%| S|CS|TAMS 0x0000000784300000| PB 0x0000000784300000| Complete |  0
|  68|0x0000000784400000, 0x0000000784500000, 0x0000000784500000|100%| S|CS|TAMS 0x0000000784400000| PB 0x0000000784400000| Complete |  0
|  69|0x0000000784500000, 0x0000000784600000, 0x0000000784600000|100%| E|CS|TAMS 0x0000000784500000| PB 0x0000000784500000| Complete |  0
|  70|0x0000000784600000, 0x0000000784700000, 0x0000000784700000|100%| E|CS|TAMS 0x0000000784600000| PB 0x0000000784600000| Complete |  0
|  71|0x0000000784700000, 0x0000000784800000, 0x0000000784800000|100%| E|CS|TAMS 0x0000000784700000| PB 0x0000000784700000| Complete |  0
|  72|0x0000000784800000, 0x0000000784900000, 0x0000000784900000|100%| E|CS|TAMS 0x0000000784800000| PB 0x0000000784800000| Complete |  0
|  73|0x0000000784900000, 0x0000000784a00000, 0x0000000784a00000|100%| E|CS|TAMS 0x0000000784900000| PB 0x0000000784900000| Complete |  0
|  74|0x0000000784a00000, 0x0000000784b00000, 0x0000000784b00000|100%| E|CS|TAMS 0x0000000784a00000| PB 0x0000000784a00000| Complete |  0
|  75|0x0000000784b00000, 0x0000000784c00000, 0x0000000784c00000|100%| E|CS|TAMS 0x0000000784b00000| PB 0x0000000784b00000| Complete |  0
|  76|0x0000000784c00000, 0x0000000784d00000, 0x0000000784d00000|100%| E|CS|TAMS 0x0000000784c00000| PB 0x0000000784c00000| Complete |  0
|  77|0x0000000784d00000, 0x0000000784e00000, 0x0000000784e00000|100%| E|CS|TAMS 0x0000000784d00000| PB 0x0000000784d00000| Complete |  0
|  78|0x0000000784e00000, 0x0000000784f00000, 0x0000000784f00000|100%| E|CS|TAMS 0x0000000784e00000| PB 0x0000000784e00000| Complete |  0
|  79|0x0000000784f00000, 0x0000000785000000, 0x0000000785000000|100%| E|CS|TAMS 0x0000000784f00000| PB 0x0000000784f00000| Complete |  0
|  80|0x0000000785000000, 0x0000000785100000, 0x0000000785100000|100%| E|CS|TAMS 0x0000000785000000| PB 0x0000000785000000| Complete |  0
|  81|0x0000000785100000, 0x0000000785200000, 0x0000000785200000|100%| E|CS|TAMS 0x0000000785100000| PB 0x0000000785100000| Complete |  0
|  82|0x0000000785200000, 0x0000000785300000, 0x0000000785300000|100%| E|CS|TAMS 0x0000000785200000| PB 0x0000000785200000| Complete |  0
|  83|0x0000000785300000, 0x0000000785400000, 0x0000000785400000|100%| E|CS|TAMS 0x0000000785300000| PB 0x0000000785300000| Complete |  0
|  84|0x0000000785400000, 0x0000000785500000, 0x0000000785500000|100%| E|CS|TAMS 0x0000000785400000| PB 0x0000000785400000| Complete |  0
|  85|0x0000000785500000, 0x0000000785600000, 0x0000000785600000|100%| E|CS|TAMS 0x0000000785500000| PB 0x0000000785500000| Complete |  0
|  86|0x0000000785600000, 0x0000000785700000, 0x0000000785700000|100%| E|CS|TAMS 0x0000000785600000| PB 0x0000000785600000| Complete |  0
|  87|0x0000000785700000, 0x0000000785800000, 0x0000000785800000|100%| E|CS|TAMS 0x0000000785700000| PB 0x0000000785700000| Complete |  0
|  88|0x0000000785800000, 0x0000000785900000, 0x0000000785900000|100%| E|CS|TAMS 0x0000000785800000| PB 0x0000000785800000| Complete |  0
|  89|0x0000000785900000, 0x0000000785a00000, 0x0000000785a00000|100%| E|CS|TAMS 0x0000000785900000| PB 0x0000000785900000| Complete |  0
|  90|0x0000000785a00000, 0x0000000785b00000, 0x0000000785b00000|100%| E|CS|TAMS 0x0000000785a00000| PB 0x0000000785a00000| Complete |  0
|  91|0x0000000785b00000, 0x0000000785c00000, 0x0000000785c00000|100%| E|CS|TAMS 0x0000000785b00000| PB 0x0000000785b00000| Complete |  0
|  92|0x0000000785c00000, 0x0000000785d00000, 0x0000000785d00000|100%| E|CS|TAMS 0x0000000785c00000| PB 0x0000000785c00000| Complete |  0
|  93|0x0000000785d00000, 0x0000000785e00000, 0x0000000785e00000|100%| E|CS|TAMS 0x0000000785d00000| PB 0x0000000785d00000| Complete |  0
|  94|0x0000000785e00000, 0x0000000785f00000, 0x0000000785f00000|100%| E|CS|TAMS 0x0000000785e00000| PB 0x0000000785e00000| Complete |  0
|  95|0x0000000785f00000, 0x0000000786000000, 0x0000000786000000|100%| E|CS|TAMS 0x0000000785f00000| PB 0x0000000785f00000| Complete |  0
|  96|0x0000000786000000, 0x0000000786100000, 0x0000000786100000|100%| E|CS|TAMS 0x0000000786000000| PB 0x0000000786000000| Complete |  0
|  97|0x0000000786100000, 0x0000000786200000, 0x0000000786200000|100%| E|CS|TAMS 0x0000000786100000| PB 0x0000000786100000| Complete |  0
|  98|0x0000000786200000, 0x0000000786300000, 0x0000000786300000|100%| E|CS|TAMS 0x0000000786200000| PB 0x0000000786200000| Complete |  0
|  99|0x0000000786300000, 0x0000000786400000, 0x0000000786400000|100%| E|CS|TAMS 0x0000000786300000| PB 0x0000000786300000| Complete |  0
| 100|0x0000000786400000, 0x0000000786500000, 0x0000000786500000|100%| E|CS|TAMS 0x0000000786400000| PB 0x0000000786400000| Complete |  0
| 101|0x0000000786500000, 0x0000000786600000, 0x0000000786600000|100%| E|CS|TAMS 0x0000000786500000| PB 0x0000000786500000| Complete |  0
| 102|0x0000000786600000, 0x0000000786700000, 0x0000000786700000|100%| E|CS|TAMS 0x0000000786600000| PB 0x0000000786600000| Complete |  0
| 103|0x0000000786700000, 0x0000000786800000, 0x0000000786800000|100%| E|CS|TAMS 0x0000000786700000| PB 0x0000000786700000| Complete |  0
| 104|0x0000000786800000, 0x0000000786900000, 0x0000000786900000|100%| E|CS|TAMS 0x0000000786800000| PB 0x0000000786800000| Complete |  0
| 105|0x0000000786900000, 0x0000000786a00000, 0x0000000786a00000|100%| E|CS|TAMS 0x0000000786900000| PB 0x0000000786900000| Complete |  0
| 106|0x0000000786a00000, 0x0000000786b00000, 0x0000000786b00000|100%| E|CS|TAMS 0x0000000786a00000| PB 0x0000000786a00000| Complete |  0
| 107|0x0000000786b00000, 0x0000000786c00000, 0x0000000786c00000|100%| E|CS|TAMS 0x0000000786b00000| PB 0x0000000786b00000| Complete |  0
| 108|0x0000000786c00000, 0x0000000786d00000, 0x0000000786d00000|100%| E|CS|TAMS 0x0000000786c00000| PB 0x0000000786c00000| Complete |  0
| 109|0x0000000786d00000, 0x0000000786e00000, 0x0000000786e00000|100%| E|CS|TAMS 0x0000000786d00000| PB 0x0000000786d00000| Complete |  0
| 110|0x0000000786e00000, 0x0000000786f00000, 0x0000000786f00000|100%| E|CS|TAMS 0x0000000786e00000| PB 0x0000000786e00000| Complete |  0
| 111|0x0000000786f00000, 0x0000000787000000, 0x0000000787000000|100%| E|CS|TAMS 0x0000000786f00000| PB 0x0000000786f00000| Complete |  0
| 112|0x0000000787000000, 0x0000000787100000, 0x0000000787100000|100%| E|CS|TAMS 0x0000000787000000| PB 0x0000000787000000| Complete |  0
| 113|0x0000000787100000, 0x0000000787200000, 0x0000000787200000|100%| E|CS|TAMS 0x0000000787100000| PB 0x0000000787100000| Complete |  0
| 114|0x0000000787200000, 0x0000000787300000, 0x0000000787300000|100%| E|CS|TAMS 0x0000000787200000| PB 0x0000000787200000| Complete |  0
| 115|0x0000000787300000, 0x0000000787400000, 0x0000000787400000|100%| E|CS|TAMS 0x0000000787300000| PB 0x0000000787300000| Complete |  0
| 116|0x0000000787400000, 0x0000000787500000, 0x0000000787500000|100%| E|CS|TAMS 0x0000000787400000| PB 0x0000000787400000| Complete |  0
| 117|0x0000000787500000, 0x0000000787600000, 0x0000000787600000|100%| E|CS|TAMS 0x0000000787500000| PB 0x0000000787500000| Complete |  0
| 118|0x0000000787600000, 0x0000000787700000, 0x0000000787700000|100%| E|CS|TAMS 0x0000000787600000| PB 0x0000000787600000| Complete |  0
| 119|0x0000000787700000, 0x0000000787800000, 0x0000000787800000|100%| E|CS|TAMS 0x0000000787700000| PB 0x0000000787700000| Complete |  0
| 120|0x0000000787800000, 0x0000000787900000, 0x0000000787900000|100%| E|CS|TAMS 0x0000000787800000| PB 0x0000000787800000| Complete |  0
| 121|0x0000000787900000, 0x0000000787a00000, 0x0000000787a00000|100%| E|CS|TAMS 0x0000000787900000| PB 0x0000000787900000| Complete |  0
| 122|0x0000000787a00000, 0x0000000787b00000, 0x0000000787b00000|100%| E|CS|TAMS 0x0000000787a00000| PB 0x0000000787a00000| Complete |  0
| 123|0x0000000787b00000, 0x0000000787c00000, 0x0000000787c00000|100%| E|CS|TAMS 0x0000000787b00000| PB 0x0000000787b00000| Complete |  0
| 124|0x0000000787c00000, 0x0000000787d00000, 0x0000000787d00000|100%| E|CS|TAMS 0x0000000787c00000| PB 0x0000000787c00000| Complete |  0
| 125|0x0000000787d00000, 0x0000000787e00000, 0x0000000787e00000|100%| E|CS|TAMS 0x0000000787d00000| PB 0x0000000787d00000| Complete |  0
| 126|0x0000000787e00000, 0x0000000787f00000, 0x0000000787f00000|100%| E|CS|TAMS 0x0000000787e00000| PB 0x0000000787e00000| Complete |  0
| 127|0x0000000787f00000, 0x0000000788000000, 0x0000000788000000|100%| E|CS|TAMS 0x0000000787f00000| PB 0x0000000787f00000| Complete |  0
|2046|0x00000007ffe00000, 0x00000007fff00000, 0x00000007fff00000|100%| O|  |TAMS 0x00000007ffe00000| PB 0x00000007ffe00000| Untracked |  0
|2047|0x00000007fff00000, 0x00000007fff211d8, 0x0000000800000000| 12%| O|  |TAMS 0x00000007fff00000| PB 0x00000007fff00000| Untracked |  0

Card table byte_map: [0x0000000107b74000,0x0000000107f74000] _byte_map_base: 0x0000000103f74000

Marking Bits: (CMBitMap*) 0x0000000102fef220
 Bits: [0x0000000120dd4000, 0x0000000122dd4000)

Polling page: 0x000000010291c000

Metaspace:
Metaspace        used 18010K, committed 18176K, reserved 1114112K
 class space     used 2811K, committed 2880K, reserved 1048576K

Usage:
  Non-class:     14.84 MB used.
      Class:      2.75 MB used.
       Both:     17.59 MB used.

Virtual space:
  Non-class space:       64.00 MB reserved,      14.94 MB ( 23%) committed,  1 nodes.
      Class space:        1.00 GB reserved,       2.81 MB ( <1%) committed,  1 nodes.
             Both:        1.06 GB reserved,      17.75 MB (  2%) committed. 

Chunk freelists:
   Non-Class:  512.00 KB
       Class:  13.19 MB
        Both:  13.69 MB

MaxMetaspaceSize: unlimited
CompressedClassSpaceSize: 1.00 GB
Initial GC threshold: 21.00 MB
Current GC threshold: 21.00 MB
CDS: on
 - commit_granule_bytes: 65536.
 - commit_granule_words: 8192.
 - virtual_space_node_default_size: 8388608.
 - enlarge_chunks_in_place: 1.
UseCompressedClassPointers 1, UseCompactObjectHeaders 0
Narrow klass pointer bits 32, Max shift 3
Narrow klass base: 0x00001fff00000000, Narrow klass shift: 0
Encoding Range: [0x00001fff00000000 - 0x0000200000000000), (4294967296 bytes)
Klass Range:    [0x00001fff00004000 - 0x00001fff41000000), (1090502656 bytes)
Klass ID Range:  [16384 - 1090519033) (1090502649)
Protection zone: [0x00001fff00000000 - 0x00001fff00004000), (16384 bytes)


Internal statistics:

num_allocs_failed_limit: 0.
num_arena_births: 152.
num_arena_deaths: 0.
num_vsnodes_births: 2.
num_vsnodes_deaths: 0.
num_space_committed: 284.
num_space_uncommitted: 0.
num_chunks_returned_to_freelist: 0.
num_chunks_taken_from_freelist: 708.
num_chunk_merges: 0.
num_chunk_splits: 544.
num_chunks_enlarged: 471.
num_inconsistent_stats: 0.

CodeHeap 'non-profiled nmethods': size=120048Kb used=1384Kb max_used=1384Kb free=118663Kb
 bounds [0x0000000119898000, 0x0000000119b08000, 0x0000000120dd4000]
CodeHeap 'profiled nmethods': size=120016Kb used=7490Kb max_used=7490Kb free=112526Kb
 bounds [0x0000000111dd4000, 0x0000000112534000, 0x0000000119308000]
CodeHeap 'non-nmethods': size=5696Kb used=1589Kb max_used=1706Kb free=4106Kb
 bounds [0x0000000119308000, 0x0000000119578000, 0x0000000119898000]
CodeCache: size=245760Kb, used=10463Kb, max_used=10580Kb, free=235295Kb
 total_blobs=5410, nmethods=4574, adapters=742, full_count=0
Compilation: enabled, stopped_count=0, restarted_count=0

Compilation events (20 events):
Event: 468.374 Thread 0x0000000bcd0b3200 4635       3       javafx.scene.control.skin.ScrollPaneSkin::isReverseNodeOrientation (33 bytes)
Event: 468.377 Thread 0x0000000bcd0b3200 nmethod 4635 0x00000001125228c8 code [0x00000001125229c0, 0x0000000112523008]
Event: 468.378 Thread 0x0000000bcd0b3200 4636       3       javafx.scene.control.ScrollPane::setHvalue (9 bytes)
Event: 468.378 Thread 0x0000000bcd0b3200 nmethod 4636 0x0000000112523048 code [0x0000000112523140, 0x0000000112523418]
Event: 468.378 Thread 0x0000000bcd0b3200 4637       3       com.sun.javafx.geom.transform.Translate2D::deriveWithTranslation (60 bytes)
Event: 468.379 Thread 0x0000000bcd0b3200 nmethod 4637 0x0000000112523448 code [0x0000000112523540, 0x0000000112523838]
Event: 470.450 Thread 0x0000000bcd0b3200 4638       3       com.sun.javafx.scene.control.ControlHelper::superProcessCSS (12 bytes)
Event: 470.451 Thread 0x0000000bcd0b3200 nmethod 4638 0x0000000112523848 code [0x0000000112523940, 0x0000000112523df0]
Event: 470.451 Thread 0x0000000bcd0b3200 4639       3       com.sun.javafx.scene.control.ControlHelper::superProcessCSSImpl (6 bytes)
Event: 470.451 Thread 0x0000000bcd0b2800 4640       4       com.sun.javafx.sg.prism.NGNode::computeNodeRenderRoot (112 bytes)
Event: 470.452 Thread 0x0000000bcd0b3200 nmethod 4639 0x0000000112523e08 code [0x0000000112523f00, 0x0000000112524250]
Event: 470.469 Thread 0x0000000bcd0b2800 nmethod 4640 0x00000001199f04c8 code [0x00000001199f0600, 0x00000001199f1770]
Event: 470.808 Thread 0x0000000bcd0b2800 4641       4       com.sun.javafx.logging.PlatformLogger::isLoggable (27 bytes)
Event: 470.809 Thread 0x0000000bcd0b2800 nmethod 4641 0x00000001199f17c8 code [0x00000001199f18c0, 0x00000001199f1b20]
Event: 470.831 Thread 0x0000000bcd0b2800 4642   !   4       java.lang.invoke.MemberName::getMethodType (213 bytes)
Event: 470.832 Thread 0x0000000bcd0b2800 nmethod 4642 0x00000001199f1b88 code [0x00000001199f1c80, 0x00000001199f2150]
Event: 471.431 Thread 0x0000000bcd0b3200 4643       1       sun.invoke.util.Wrapper::basicTypeChar (5 bytes)
Event: 471.431 Thread 0x0000000bcd0b3200 nmethod 4643 0x00000001199f2188 code [0x00000001199f2280, 0x00000001199f2360]
Event: 471.432 Thread 0x0000000bcd0b3200 4644       3       java.util.HashMap::keysToArray (81 bytes)
Event: 471.433 Thread 0x0000000bcd0b3200 nmethod 4644 0x0000000112524288 code [0x0000000112524380, 0x00000001125247f0]

GC Heap Usage History (4 events):
Event: 0.525 {heap Before GC invocations=0 (full 0):
 garbage-first heap   total reserved 2097152K, committed 133120K, used 51332K [0x0000000780000000, 0x0000000800000000)
  region size 1024K, 47 young (48128K), 0 survivors (0K)
}
Event: 0.527 {heap After GC invocations=1 (full 0):
 garbage-first heap   total reserved 2097152K, committed 133120K, used 8495K [0x0000000780000000, 0x0000000800000000)
  region size 1024K, 5 young (5120K), 5 survivors (5120K)
}
Event: 135.742 {heap Before GC invocations=1 (full 0):
 garbage-first heap   total reserved 2097152K, committed 133120K, used 64815K [0x0000000780000000, 0x0000000800000000)
  region size 1024K, 59 young (60416K), 5 survivors (5120K)
}
Event: 135.778 {heap After GC invocations=2 (full 0):
 garbage-first heap   total reserved 2097152K, committed 133120K, used 14752K [0x0000000780000000, 0x0000000800000000)
  region size 1024K, 8 young (8192K), 8 survivors (8192K)
}

Metaspace Usage History (4 events):
Event: 0.525 {metaspace Before GC invocations=0 (full 0):
 Metaspace       used 9810K, committed 9984K, reserved 1114112K
  class space    used 1482K, committed 1536K, reserved 1048576K
}
Event: 0.527 {metaspace After GC invocations=1 (full 0):
 Metaspace       used 9810K, committed 9984K, reserved 1114112K
  class space    used 1482K, committed 1536K, reserved 1048576K
}
Event: 135.742 {metaspace Before GC invocations=1 (full 0):
 Metaspace       used 17543K, committed 17728K, reserved 1114112K
  class space    used 2800K, committed 2880K, reserved 1048576K
}
Event: 135.778 {metaspace After GC invocations=2 (full 0):
 Metaspace       used 17543K, committed 17728K, reserved 1114112K
  class space    used 2800K, committed 2880K, reserved 1048576K
}

Dll operation events (12 events):
Event: 0.004 Loaded shared library /opt/homebrew/Cellar/openjdk/25.0.2/libexec/openjdk.jdk/Contents/Home/lib/libjava.dylib
Event: 0.017 Loaded shared library /opt/homebrew/Cellar/openjdk/25.0.2/libexec/openjdk.jdk/Contents/Home/lib/libnio.dylib
Event: 0.031 Loaded shared library /opt/homebrew/Cellar/openjdk/25.0.2/libexec/openjdk.jdk/Contents/Home/lib/libzip.dylib
Event: 0.098 Loading shared library /Users/arafat/.m2/repository/org/openjfx/javafx-graphics/21.0.6/libprism_es2.dylib failed, dlopen(/Users/arafat/.m2/repository/org/openjfx/javafx-graphics/21.0.6/libprism_es2.dylib, 0x0001): tried: '/Users/arafat/.m2/repository/org/
Event: 0.101 Loaded shared library /opt/homebrew/Cellar/openjdk/25.0.2/libexec/openjdk.jdk/Contents/Home/lib/libnet.dylib
Event: 0.116 Loaded shared library /Users/arafat/.openjfx/cache/21.0.6+3/aarch64/libprism_es2.dylib
Event: 0.174 Loading shared library /Users/arafat/.m2/repository/org/openjfx/javafx-graphics/21.0.6/libglass.dylib failed, dlopen(/Users/arafat/.m2/repository/org/openjfx/javafx-graphics/21.0.6/libglass.dylib, 0x0001): tried: '/Users/arafat/.m2/repository/org/openjfx/
Event: 0.180 Loaded shared library /Users/arafat/.openjfx/cache/21.0.6+3/aarch64/libglass.dylib
Event: 0.331 Loading shared library /Users/arafat/.m2/repository/org/openjfx/javafx-graphics/21.0.6/libjavafx_font.dylib failed, dlopen(/Users/arafat/.m2/repository/org/openjfx/javafx-graphics/21.0.6/libjavafx_font.dylib, 0x0001): tried: '/Users/arafat/.m2/repository/
Event: 0.333 Loaded shared library /Users/arafat/.openjfx/cache/21.0.6+3/aarch64/libjavafx_font.dylib
Event: 0.382 Loaded shared library /opt/homebrew/Cellar/openjdk/25.0.2/libexec/openjdk.jdk/Contents/Home/lib/libjimage.dylib
Event: 0.719 Loaded shared library /opt/homebrew/Cellar/openjdk/25.0.2/libexec/openjdk.jdk/Contents/Home/lib/libextnet.dylib

Deoptimization events (20 events):
Event: 315.905 Thread 0x0000000bccd26800 Uncommon trap: trap_request=0xffffffbe fr.pc=0x00000001199e0208 relative=0x0000000000001248
Event: 315.905 Thread 0x0000000bccd26800 Uncommon trap: reason=profile_predicate action=maybe_recompile pc=0x00000001199e0208 method=com.sun.prism.impl.ps.PaintHelper.setMultiGradient(Lcom/sun/prism/ps/Shader;Lcom/sun/prism/paint/Gradient;)V @ 24 c2
Event: 315.905 Thread 0x0000000bccd26800 DEOPT PACKING pc=0x00000001199e0208 sp=0x000000016fc083f0
Event: 315.905 Thread 0x0000000bccd26800 DEOPT UNPACKING pc=0x000000011941af9c sp=0x000000016fc08380 mode 2
Event: 358.657 Thread 0x0000000bccd26800 Uncommon trap: trap_request=0xffffff45 fr.pc=0x000000011995e778 relative=0x0000000000000278
Event: 358.657 Thread 0x0000000bccd26800 Uncommon trap: reason=unstable_if action=reinterpret pc=0x000000011995e778 method=com.sun.prism.impl.VertexBuffer.addQuad(FFFFFFFF)V @ 14 c2
Event: 358.657 Thread 0x0000000bccd26800 DEOPT PACKING pc=0x000000011995e778 sp=0x000000016fc082c0
Event: 358.657 Thread 0x0000000bccd26800 DEOPT UNPACKING pc=0x000000011941af9c sp=0x000000016fc081f0 mode 2
Event: 470.812 Thread 0x0000000bccfa3800 DEOPT PACKING pc=0x00000001124b3e38 sp=0x000000017013a630
Event: 470.812 Thread 0x0000000bccfa3800 DEOPT UNPACKING pc=0x00000001193450bc sp=0x000000017013a380 mode 3
Event: 470.824 Thread 0x0000000bccfa0000 Uncommon trap: trap_request=0xffffff45 fr.pc=0x00000001199cc698 relative=0x0000000000000758
Event: 470.824 Thread 0x0000000bccfa0000 Uncommon trap: reason=unstable_if action=reinterpret pc=0x00000001199cc698 method=com.sun.glass.ui.Timer.resume()V @ 6 c2
Event: 470.824 Thread 0x0000000bccfa0000 DEOPT PACKING pc=0x00000001199cc698 sp=0x000000016d504e40
Event: 470.824 Thread 0x0000000bccfa0000 DEOPT UNPACKING pc=0x000000011941af9c sp=0x000000016d504be0 mode 2
Event: 470.831 Thread 0x0000000bccfa0000 Uncommon trap: trap_request=0xffffff45 fr.pc=0x00000001199ecd80 relative=0x0000000000000100
Event: 470.831 Thread 0x0000000bccfa0000 Uncommon trap: reason=unstable_if action=reinterpret pc=0x00000001199ecd80 method=java.util.concurrent.locks.ReentrantLock$Sync.tryRelease(I)Z @ 26 c2
Event: 470.831 Thread 0x0000000bccfa0000 DEOPT PACKING pc=0x00000001199ecd80 sp=0x000000016d504a50
Event: 470.831 Thread 0x0000000bccfa0000 DEOPT UNPACKING pc=0x000000011941af9c sp=0x000000016d5049d0 mode 2
Event: 471.429 Thread 0x0000000bccd26800 DEOPT PACKING pc=0x0000000112388610 sp=0x000000016fc0a620
Event: 471.429 Thread 0x0000000bccd26800 DEOPT UNPACKING pc=0x00000001193450bc sp=0x000000016fc0a320 mode 3

Classes loaded (20 events):
Event: 133.060 Loading class sun/util/resources/LocaleData$LocaleDataResourceBundleProvider done
Event: 133.060 Loading class sun/util/resources/LocaleData$CommonResourceBundleProvider done
Event: 133.061 Loading class java/lang/InstantiationException
Event: 133.062 Loading class java/lang/InstantiationException done
Event: 470.812 Loading class java/net/StandardSocketOptions
Event: 470.813 Loading class java/net/StandardSocketOptions done
Event: 470.813 Loading class java/net/StandardSocketOptions$StdSocketOption
Event: 470.813 Loading class java/net/StandardSocketOptions$StdSocketOption done
Event: 470.814 Loading class sun/nio/ch/SocketOptionRegistry
Event: 470.814 Loading class sun/nio/ch/SocketOptionRegistry done
Event: 470.814 Loading class sun/nio/ch/SocketOptionRegistry$RegistryKey
Event: 470.814 Loading class sun/nio/ch/SocketOptionRegistry$RegistryKey done
Event: 470.814 Loading class sun/nio/ch/SocketOptionRegistry$LazyInitialization
Event: 470.815 Loading class sun/nio/ch/SocketOptionRegistry$LazyInitialization done
Event: 470.815 Loading class sun/nio/ch/OptionKey
Event: 470.815 Loading class sun/nio/ch/OptionKey done
Event: 470.815 Loading class sun/nio/ch/ExtendedSocketOption
Event: 470.815 Loading class sun/nio/ch/ExtendedSocketOption done
Event: 470.816 Loading class sun/nio/ch/ExtendedSocketOption$1
Event: 470.816 Loading class sun/nio/ch/ExtendedSocketOption$1 done

Classes unloaded (0 events):
No events

Classes redefined (0 events):
No events

Internal exceptions (20 events):
Event: 0.441 Thread 0x0000000bccfa0000 Implicit null exception at 0x00000001198c9c60 to 0x00000001198c9e8c
Event: 0.441 Thread 0x0000000bccfa0000 Implicit null exception at 0x00000001198c6f20 to 0x00000001198c7144
Event: 0.562 Thread 0x0000000bccfa0000 Exception <a 'java/lang/NoSuchMethodError'{0x0000000787e8c198}: 'java.lang.Object java.lang.invoke.DirectMethodHandle$Holder.invokeInterface(java.lang.Object, java.lang.Object, java.lang.Object)'> (0x0000000787e8c198) 
thrown [src/hotspot/share/interpreter/linkResolver.cpp, line 804]
Event: 0.563 Thread 0x0000000bccfa0000 Exception <a 'java/lang/IncompatibleClassChangeError'{0x0000000787e94228}: Found class java.lang.Object, but interface was expected> (0x0000000787e94228) 
thrown [src/hotspot/share/interpreter/linkResolver.cpp, line 871]
Event: 0.588 Thread 0x0000000bccfa0000 Exception <a 'java/lang/ClassNotFoundException'{0x0000000787930c10}: com/sun/javafx/scene/control/skin/resources/controls> (0x0000000787930c10) 
thrown [src/hotspot/share/prims/jni.cpp, line 534]
Event: 0.589 Thread 0x0000000bccfa0000 Exception <a 'java/lang/ClassNotFoundException'{0x000000078793e000}: com/sun/javafx/scene/control/skin/resources/controls_fr> (0x000000078793e000) 
thrown [src/hotspot/share/prims/jni.cpp, line 534]
Event: 0.589 Thread 0x0000000bccfa0000 Exception <a 'java/lang/ClassNotFoundException'{0x000000078794ae08}: com/sun/javafx/scene/control/skin/resources/controls_fr_FR> (0x000000078794ae08) 
thrown [src/hotspot/share/prims/jni.cpp, line 534]
Event: 0.604 Thread 0x0000000bccfa0000 Exception <a 'java/lang/NoSuchMethodError'{0x0000000787599148}: 'void java.lang.invoke.DirectMethodHandle$Holder.invokeSpecial(java.lang.Object, java.lang.Object, java.lang.Object, java.lang.Object, java.lang.Object, java.lang.Object)'> (0x0000000787599148) 
thrown [src/hotspot/share/interpreter/linkResolver.cpp, line 804]
Event: 0.652 Thread 0x0000000bccfa0000 Exception <a 'java/lang/NoSuchMethodError'{0x0000000786e141b8}: 'java.lang.Object java.lang.invoke.DirectMethodHandle$Holder.invokeStatic(java.lang.Object, java.lang.Object, java.lang.Object, java.lang.Object, int)'> (0x0000000786e141b8) 
thrown [src/hotspot/share/interpreter/linkResolver.cpp, line 804]
Event: 0.666 Thread 0x0000000bccfa0000 Exception <a 'java/lang/NoSuchMethodError'{0x0000000786d01cc8}: 'java.lang.Object java.lang.invoke.DirectMethodHandle$Holder.newInvokeSpecial(java.lang.Object, java.lang.Object, int, int)'> (0x0000000786d01cc8) 
thrown [src/hotspot/share/interpreter/linkResolver.cpp, line 804]
Event: 0.676 Thread 0x0000000bccfa0000 Exception <a 'java/lang/NoSuchMethodError'{0x0000000786d2c410}: 'java.lang.Object java.lang.invoke.DirectMethodHandle$Holder.newInvokeSpecial(java.lang.Object, java.lang.Object, int)'> (0x0000000786d2c410) 
thrown [src/hotspot/share/interpreter/linkResolver.cpp, line 804]
Event: 0.996 Thread 0x0000000bccd26800 Exception <a 'java/lang/NoSuchMethodError'{0x0000000785e827c0}: 'int java.lang.invoke.DirectMethodHandle$Holder.invokeStaticInit(java.lang.Object, java.lang.Object)'> (0x0000000785e827c0) 
thrown [src/hotspot/share/interpreter/linkResolver.cpp, line 804]
Event: 1.005 Thread 0x0000000bccd26800 Exception <a 'java/lang/NoSuchMethodError'{0x0000000785efa930}: 'java.lang.Object java.lang.invoke.Invokers$Holder.invokeExact_MT(java.lang.Object, java.lang.Object, java.lang.Object, java.lang.Object, java.lang.Object)'> (0x0000000785efa930) 
thrown [src/hotspot/share/interpreter/linkResolver.cpp, line 804]
Event: 1.240 Thread 0x0000000bccd26800 Exception <a 'java/lang/NoSuchMethodError'{0x00000007859e2678}: 'java.lang.Object java.lang.invoke.DirectMethodHandle$Holder.invokeStaticInit(java.lang.Object, int)'> (0x00000007859e2678) 
thrown [src/hotspot/share/interpreter/linkResolver.cpp, line 804]
Event: 2.189 Thread 0x0000000bccfa0000 Exception <a 'java/lang/NoSuchMethodError'{0x000000078575bce0}: 'long java.lang.invoke.DirectMethodHandle$Holder.invokeStaticInit(java.lang.Object, java.lang.Object, java.lang.Object)'> (0x000000078575bce0) 
thrown [src/hotspot/share/interpreter/linkResolver.cpp, line 804]
Event: 2.190 Thread 0x0000000bccfa0000 Exception <a 'java/lang/NoSuchMethodError'{0x00000007857de3e8}: 'java.lang.Object java.lang.invoke.DirectMethodHandle$Holder.newInvokeSpecial(java.lang.Object, java.lang.Object, long)'> (0x00000007857de3e8) 
thrown [src/hotspot/share/interpreter/linkResolver.cpp, line 804]
Event: 2.191 Thread 0x0000000bccfa0000 Exception <a 'java/lang/NoSuchMethodError'{0x00000007857e7038}: 'java.lang.Object java.lang.invoke.Invokers$Holder.linkToTargetMethod(java.lang.Object, long, java.lang.Object)'> (0x00000007857e7038) 
thrown [src/hotspot/share/interpreter/linkResolver.cpp, line 804]
Event: 4.401 Thread 0x0000000bccfa0000 Exception <a 'java/lang/NoSuchMethodError'{0x0000000785687778}: 'java.lang.Object java.lang.invoke.DirectMethodHandle$Holder.newInvokeSpecial(java.lang.Object, java.lang.Object, int, int, int, int, int, java.lang.Object)'> (0x0000000785687778) 
thrown [src/hotspot/share/interpreter/linkResolver.cpp, line 804]
Event: 4.402 Thread 0x0000000bccfa0000 Exception <a 'java/lang/NoSuchMethodError'{0x00000007856b0608}: 'java.lang.Object java.lang.invoke.DirectMethodHandle$Holder.newInvokeSpecial(java.lang.Object, java.lang.Object, java.lang.Object, int, int, int, int, int)'> (0x00000007856b0608) 
thrown [src/hotspot/share/interpreter/linkResolver.cpp, line 804]
Event: 4.403 Thread 0x0000000bccfa0000 Exception <a 'java/lang/NoSuchMethodError'{0x00000007856c0cd8}: 'java.lang.Object java.lang.invoke.Invokers$Holder.linkToTargetMethod(java.lang.Object, java.lang.Object, int, int, int, int, int, java.lang.Object)'> (0x00000007856c0cd8) 
thrown [src/hotspot/share/interpreter/linkResolver.cpp, line 804]

VM Operations (20 events):
Event: 180.429 Executing non-safepoint VM operation: HandshakeAllThreads (HandshakeForDeflation)
Event: 180.429 Executing non-safepoint VM operation: HandshakeAllThreads (HandshakeForDeflation) done
Event: 180.429 Executing non-safepoint VM operation: RendezvousGCThreads
Event: 180.429 Executing non-safepoint VM operation: RendezvousGCThreads done
Event: 240.609 Executing non-safepoint VM operation: HandshakeAllThreads (HandshakeForDeflation)
Event: 240.609 Executing non-safepoint VM operation: HandshakeAllThreads (HandshakeForDeflation) done
Event: 240.609 Executing non-safepoint VM operation: RendezvousGCThreads
Event: 240.609 Executing non-safepoint VM operation: RendezvousGCThreads done
Event: 300.758 Executing non-safepoint VM operation: HandshakeAllThreads (HandshakeForDeflation)
Event: 300.758 Executing non-safepoint VM operation: HandshakeAllThreads (HandshakeForDeflation) done
Event: 300.758 Executing non-safepoint VM operation: RendezvousGCThreads
Event: 300.758 Executing non-safepoint VM operation: RendezvousGCThreads done
Event: 360.859 Executing non-safepoint VM operation: HandshakeAllThreads (HandshakeForDeflation)
Event: 360.859 Executing non-safepoint VM operation: HandshakeAllThreads (HandshakeForDeflation) done
Event: 360.859 Executing non-safepoint VM operation: RendezvousGCThreads
Event: 360.859 Executing non-safepoint VM operation: RendezvousGCThreads done
Event: 421.036 Executing non-safepoint VM operation: HandshakeAllThreads (HandshakeForDeflation)
Event: 421.036 Executing non-safepoint VM operation: HandshakeAllThreads (HandshakeForDeflation) done
Event: 421.036 Executing non-safepoint VM operation: RendezvousGCThreads
Event: 421.036 Executing non-safepoint VM operation: RendezvousGCThreads done

Memory protections (20 events):
Event: 424.315 Protecting memory [0x000000016e710000,0x000000016e71c000] with protection modes 3
Event: 426.282 Protecting memory [0x000000016e710000,0x000000016e71c000] with protection modes 0
Event: 426.565 Protecting memory [0x000000016e710000,0x000000016e71c000] with protection modes 3
Event: 427.032 Protecting memory [0x000000016e710000,0x000000016e71c000] with protection modes 0
Event: 427.332 Protecting memory [0x000000016e710000,0x000000016e71c000] with protection modes 3
Event: 465.516 Protecting memory [0x000000016e684000,0x000000016e690000] with protection modes 0
Event: 465.817 Protecting memory [0x000000016e684000,0x000000016e690000] with protection modes 3
Event: 468.367 Protecting memory [0x000000016e684000,0x000000016e690000] with protection modes 0
Event: 468.653 Protecting memory [0x000000016e684000,0x000000016e690000] with protection modes 3
Event: 470.283 Protecting memory [0x000000016e684000,0x000000016e690000] with protection modes 0
Event: 470.819 Protecting memory [0x0000000170e18000,0x0000000170e24000] with protection modes 3
Event: 471.430 Protecting memory [0x000000016ff38000,0x000000016ff44000] with protection modes 3
Event: 471.432 Protecting memory [0x000000016cd10000,0x000000016cd1c000] with protection modes 3
Event: 471.432 Protecting memory [0x000000016d598000,0x000000016d5a4000] with protection modes 3
Event: 471.432 Protecting memory [0x000000016d598000,0x000000016d5a4000] with protection modes 0
Event: 471.432 Protecting memory [0x000000016fa08000,0x000000016fa14000] with protection modes 3
Event: 471.433 Protecting memory [0x000000016fa08000,0x000000016fa14000] with protection modes 0
Event: 471.434 Protecting memory [0x000000016fa08000,0x000000016fa14000] with protection modes 3
Event: 471.434 Protecting memory [0x000000016d598000,0x000000016d5a4000] with protection modes 3
Event: 471.434 Protecting memory [0x000000016ebb4000,0x000000016ebc0000] with protection modes 3

Nmethod flushes (0 events):
No events

Events (20 events):
Event: 424.316 Thread 0x0000000bcc381000 Thread exited: 0x0000000bcc381000
Event: 426.282 Thread 0x0000000bcc38c800 Thread added: 0x0000000bcc38c800
Event: 426.565 Thread 0x0000000bcc38c800 Thread exited: 0x0000000bcc38c800
Event: 427.032 Thread 0x0000000bcc38c800 Thread added: 0x0000000bcc38c800
Event: 427.332 Thread 0x0000000bcc38c800 Thread exited: 0x0000000bcc38c800
Event: 465.517 Thread 0x0000000bcc38c800 Thread added: 0x0000000bcc38c800
Event: 465.817 Thread 0x0000000bcc38c800 Thread exited: 0x0000000bcc38c800
Event: 468.367 Thread 0x0000000bcc38c800 Thread added: 0x0000000bcc38c800
Event: 468.655 Thread 0x0000000bcc38c800 Thread exited: 0x0000000bcc38c800
Event: 470.283 Thread 0x0000000bcc38c800 Thread added: 0x0000000bcc38c800
Event: 470.819 Thread 0x0000000bcc7c4800 Thread exited: 0x0000000bcc7c4800
Event: 471.430 Thread 0x0000000bccfa3800 Thread exited: 0x0000000bccfa3800
Event: 471.432 Thread 0x0000000bccfa0000 Thread exited: 0x0000000bccfa0000
Event: 471.432 Thread 0x0000000102fe2ac0 Thread exited: 0x0000000102fe2ac0
Event: 471.432 Thread 0x0000000bcc38d800 Thread added: 0x0000000bcc38d800
Event: 471.432 Thread 0x0000000bccd26800 Thread exited: 0x0000000bccd26800
Event: 471.433 Thread 0x0000000bcc38d800 Thread added: 0x0000000bcc38e000
Event: 471.434 Thread 0x0000000bcc38e000 Thread exited: 0x0000000bcc38e000
Event: 471.434 Thread 0x0000000bcc38d800 Before exit entered
Event: 471.434 Thread 0x0000000bcc38d800 Thread exited: 0x0000000bcc38d800


Dynamic libraries:
0x000000010292c000 	/opt/homebrew/Cellar/openjdk/25.0.2/libexec/openjdk.jdk/Contents/Home/lib/libjli.dylib
0x0000000198100000 	/usr/lib/libz.1.dylib
0x00000001981b7000 	/usr/lib/libSystem.B.dylib
0x00000001981b1000 	/usr/lib/system/libcache.dylib
0x000000019816c000 	/usr/lib/system/libcommonCrypto.dylib
0x0000000198197000 	/usr/lib/system/libcompiler_rt.dylib
0x000000019818c000 	/usr/lib/system/libcopyfile.dylib
0x00000001884e6000 	/usr/lib/system/libcorecrypto.dylib
0x00000001885df000 	/usr/lib/system/libdispatch.dylib
0x000000018839c000 	/usr/lib/system/libdyld.dylib
0x00000001981a7000 	/usr/lib/system/libkeymgr.dylib
0x000000019814f000 	/usr/lib/system/libmacho.dylib
0x000000019743a000 	/usr/lib/system/libquarantine.dylib
0x00000001981a4000 	/usr/lib/system/libremovefile.dylib
0x000000018ef3e000 	/usr/lib/system/libsystem_asl.dylib
0x000000018846c000 	/usr/lib/system/libsystem_blocks.dylib
0x0000000188629000 	/usr/lib/system/libsystem_c.dylib
0x000000019819b000 	/usr/lib/system/libsystem_collections.dylib
0x0000000195ebb000 	/usr/lib/system/libsystem_configuration.dylib
0x0000000194a6d000 	/usr/lib/system/libsystem_containermanager.dylib
0x0000000197bbd000 	/usr/lib/system/libsystem_coreservices.dylib
0x000000018c750000 	/usr/lib/system/libsystem_darwin.dylib
0x0000000284371000 	/usr/lib/system/libsystem_darwindirectory.dylib
0x00000001981a8000 	/usr/lib/system/libsystem_dnssd.dylib
0x0000000284375000 	/usr/lib/system/libsystem_eligibility.dylib
0x0000000188626000 	/usr/lib/system/libsystem_featureflags.dylib
0x00000001887ad000 	/usr/lib/system/libsystem_info.dylib
0x0000000198110000 	/usr/lib/system/libsystem_m.dylib
0x0000000188593000 	/usr/lib/system/libsystem_malloc.dylib
0x000000018eea0000 	/usr/lib/system/libsystem_networkextension.dylib
0x000000018cbc1000 	/usr/lib/system/libsystem_notify.dylib
0x0000000195ec0000 	/usr/lib/system/libsystem_sandbox.dylib
0x000000028437f000 	/usr/lib/system/libsystem_sanitizers.dylib
0x00000001981a0000 	/usr/lib/system/libsystem_secinit.dylib
0x000000018875a000 	/usr/lib/system/libsystem_kernel.dylib
0x00000001887a4000 	/usr/lib/system/libsystem_platform.dylib
0x0000000188797000 	/usr/lib/system/libsystem_pthread.dylib
0x0000000190aeb000 	/usr/lib/system/libsystem_symptoms.dylib
0x00000001884c5000 	/usr/lib/system/libsystem_trace.dylib
0x0000000284387000 	/usr/lib/system/libsystem_trial.dylib
0x000000019817a000 	/usr/lib/system/libunwind.dylib
0x0000000188470000 	/usr/lib/system/libxpc.dylib
0x0000000188348000 	/usr/lib/libobjc.A.dylib
0x00000001887dd000 	/System/Library/Frameworks/CoreFoundation.framework/Versions/A/CoreFoundation
0x000000019ba32000 	/usr/lib/swift/libswiftCore.dylib
0x000000018873f000 	/usr/lib/libc++abi.dylib
0x0000000282c64000 	/usr/lib/libRosetta.dylib
0x00000001886ac000 	/usr/lib/libc++.1.dylib
0x000000018a02f000 	/System/Library/Frameworks/Foundation.framework/Versions/C/Foundation
0x00000001a5173000 	/usr/lib/swift/libswiftObjectiveC.dylib
0x0000000283bb2000 	/usr/lib/libswiftPrespecialized.dylib
0x0000000189c8e000 	/System/Library/Frameworks/SystemConfiguration.framework/Versions/A/SystemConfiguration
0x0000000192c94000 	/System/Library/PrivateFrameworks/CoreAutoLayout.framework/Versions/A/CoreAutoLayout
0x00000001981b9000 	/usr/lib/libfakelink.dylib
0x00000001983e3000 	/usr/lib/libcompression.dylib
0x000000018eae4000 	/System/Library/Frameworks/CFNetwork.framework/Versions/A/CFNetwork
0x00000001920ba000 	/System/Library/Frameworks/DiskArbitration.framework/Versions/A/DiskArbitration
0x000000019820d000 	/usr/lib/libarchive.2.dylib
0x0000000191fc6000 	/usr/lib/libDiagnosticMessagesClient.dylib
0x000000018c47e000 	/usr/lib/libicucore.A.dylib
0x0000000192cde000 	/usr/lib/libxml2.2.dylib
0x00000001a0589000 	/System/Library/Frameworks/CoreServices.framework/Versions/A/CoreServices
0x0000000195ece000 	/usr/lib/liblangid.dylib
0x000000018cad6000 	/System/Library/Frameworks/IOKit.framework/Versions/A/IOKit
0x000000019e294000 	/System/Library/Frameworks/Combine.framework/Versions/A/Combine
0x000000023ec68000 	/System/Library/PrivateFrameworks/CollectionsInternal.framework/Versions/A/CollectionsInternal
0x00000002657a3000 	/System/Library/PrivateFrameworks/ReflectionInternal.framework/Versions/A/ReflectionInternal
0x000000026662f000 	/System/Library/PrivateFrameworks/RuntimeInternal.framework/Versions/A/RuntimeInternal
0x00000001981bc000 	/System/Library/PrivateFrameworks/SoftLinking.framework/Versions/A/SoftLinking
0x00000001b4fd8000 	/usr/lib/swift/libswiftCoreFoundation.dylib
0x00000001b1e92000 	/usr/lib/swift/libswiftDarwin.dylib
0x00000001a22b5000 	/usr/lib/swift/libswiftDispatch.dylib
0x00000001b5032000 	/usr/lib/swift/libswiftIOKit.dylib
0x0000000283fe9000 	/usr/lib/swift/libswiftSystem.dylib
0x00000001b4fea000 	/usr/lib/swift/libswiftXPC.dylib
0x000000028401b000 	/usr/lib/swift/libswift_Builtin_float.dylib
0x000000028401e000 	/usr/lib/swift/libswift_Concurrency.dylib
0x00000002840a8000 	/usr/lib/swift/libswift_DarwinFoundation1.dylib
0x0000000284189000 	/usr/lib/swift/libswift_StringProcessing.dylib
0x00000001a5177000 	/usr/lib/swift/libswiftos.dylib
0x000000018ca55000 	/System/Library/PrivateFrameworks/CoreServicesInternal.framework/Versions/A/CoreServicesInternal
0x0000000198184000 	/usr/lib/liboah.dylib
0x000000018c059000 	/System/Library/Frameworks/Security.framework/Versions/A/Security
0x00000001a45c1000 	/System/Library/PrivateFrameworks/DiskImages.framework/Versions/A/DiskImages
0x00000001b1955000 	/System/Library/Frameworks/NetFS.framework/Versions/A/NetFS
0x0000000192c58000 	/System/Library/Frameworks/CoreServices.framework/Versions/A/Frameworks/FSEvents.framework/Versions/A/FSEvents
0x000000018c75b000 	/System/Library/Frameworks/CoreServices.framework/Versions/A/Frameworks/CarbonCore.framework/Versions/A/CarbonCore
0x000000019202e000 	/System/Library/Frameworks/CoreServices.framework/Versions/A/Frameworks/Metadata.framework/Versions/A/Metadata
0x0000000197bc4000 	/System/Library/Frameworks/CoreServices.framework/Versions/A/Frameworks/OSServices.framework/Versions/A/OSServices
0x0000000198305000 	/System/Library/Frameworks/CoreServices.framework/Versions/A/Frameworks/SearchKit.framework/Versions/A/SearchKit
0x0000000190a65000 	/System/Library/Frameworks/CoreServices.framework/Versions/A/Frameworks/AE.framework/Versions/A/AE
0x0000000188d26000 	/System/Library/Frameworks/CoreServices.framework/Versions/A/Frameworks/LaunchServices.framework/Versions/A/LaunchServices
0x0000000199726000 	/System/Library/Frameworks/CoreServices.framework/Versions/A/Frameworks/DictionaryServices.framework/Versions/A/DictionaryServices
0x0000000192c66000 	/System/Library/Frameworks/CoreServices.framework/Versions/A/Frameworks/SharedFileList.framework/Versions/A/SharedFileList
0x000000019839a000 	/usr/lib/libapple_nghttp2.dylib
0x000000019067f000 	/usr/lib/libsqlite3.dylib
0x00000001a4809000 	/System/Library/PrivateFrameworks/AppSupport.framework/Versions/A/AppSupport
0x0000000191f96000 	/System/Library/PrivateFrameworks/CoreAnalytics.framework/Versions/A/CoreAnalytics
0x000000018f514000 	/System/Library/Frameworks/CoreGraphics.framework/Versions/A/CoreGraphics
0x000000019c763000 	/System/Library/Frameworks/GSS.framework/Versions/A/GSS
0x000000019ab34000 	/System/Library/PrivateFrameworks/InternationalSupport.framework/Versions/A/InternationalSupport
0x00000001909f9000 	/System/Library/PrivateFrameworks/RunningBoardServices.framework/Versions/A/RunningBoardServices
0x00000001a5101000 	/System/Library/PrivateFrameworks/StreamingZip.framework/Versions/A/StreamingZip
0x000000018eebb000 	/usr/lib/libenergytrace.dylib
0x0000000190af4000 	/System/Library/Frameworks/Network.framework/Versions/A/Network
0x0000000197462000 	/usr/lib/libbsm.0.dylib
0x0000000198153000 	/usr/lib/system/libkxld.dylib
0x000000023a512000 	/System/Library/PrivateFrameworks/AppleKeyStore.framework/Versions/A/AppleKeyStore
0x0000000282948000 	/usr/lib/libCoreEntitlements.dylib
0x000000025b6fe000 	/System/Library/PrivateFrameworks/MessageSecurity.framework/Versions/A/MessageSecurity
0x0000000190663000 	/System/Library/PrivateFrameworks/ProtocolBuffer.framework/Versions/A/ProtocolBuffer
0x00000001a16bb000 	/System/Library/PrivateFrameworks/SymptomDiagnosticReporter.framework/Versions/A/SymptomDiagnosticReporter
0x000000019996a000 	/System/Library/PrivateFrameworks/CrashReporterSupport.framework/Versions/A/CrashReporterSupport
0x000000018eebd000 	/usr/lib/libMobileGestalt.dylib
0x0000000197ba4000 	/System/Library/PrivateFrameworks/AppleFSCompression.framework/Versions/A/AppleFSCompression
0x000000019744a000 	/usr/lib/libcoretls.dylib
0x000000019979d000 	/usr/lib/libcoretls_cfhelpers.dylib
0x00000001983dc000 	/usr/lib/libpam.2.dylib
0x000000019980f000 	/usr/lib/libxar.1.dylib
0x000000019979f000 	/System/Library/PrivateFrameworks/APFS.framework/Versions/A/APFS
0x000000027105b000 	/System/Library/PrivateFrameworks/SwiftASN1Internal.framework/Versions/A/SwiftASN1Internal
0x000000019981e000 	/usr/lib/libutil.dylib
0x0000000195ec9000 	/System/Library/PrivateFrameworks/AppleSystemInfo.framework/Versions/A/AppleSystemInfo
0x0000000197132000 	/System/Library/PrivateFrameworks/IOMobileFramebuffer.framework/Versions/A/IOMobileFramebuffer
0x0000000194aa6000 	/System/Library/Frameworks/IOSurface.framework/Versions/A/IOSurface
0x00000001b4e9e000 	/System/Library/PrivateFrameworks/LoggingSupport.framework/Versions/A/LoggingSupport
0x000000019c7c6000 	/System/Library/PrivateFrameworks/MobileAsset.framework/Versions/A/MobileAsset
0x00000001a16cb000 	/System/Library/PrivateFrameworks/PowerLog.framework/Versions/A/PowerLog
0x0000000233a84000 	/System/Library/Frameworks/SwiftData.framework/Versions/A/SwiftData
0x000000018e51a000 	/System/Library/Frameworks/UniformTypeIdentifiers.framework/Versions/A/UniformTypeIdentifiers
0x0000000192e8a000 	/System/Library/PrivateFrameworks/UserManagement.framework/Versions/A/UserManagement
0x000000018ea0f000 	/usr/lib/libboringssl.dylib
0x0000000190ad9000 	/usr/lib/libdns_services.dylib
0x00000001b3ed7000 	/usr/lib/libquic.dylib
0x000000019b9c2000 	/usr/lib/libusrtcp.dylib
0x000000023b305000 	/System/Library/PrivateFrameworks/AtomicsInternal.framework/Versions/A/AtomicsInternal
0x00000001da6e4000 	/System/Library/PrivateFrameworks/InternalSwiftProtobuf.framework/Versions/A/InternalSwiftProtobuf
0x0000000283e79000 	/usr/lib/swift/libswiftDistributed.dylib
0x0000000283ea2000 	/usr/lib/swift/libswiftObservation.dylib
0x0000000283fe1000 	/usr/lib/swift/libswiftSynchronization.dylib
0x0000000195ec7000 	/System/Library/PrivateFrameworks/AggregateDictionary.framework/Versions/A/AggregateDictionary
0x000000023ba95000 	/System/Library/PrivateFrameworks/BiomeLibrary.framework/Versions/A/BiomeLibrary
0x00000001c3b72000 	/System/Library/PrivateFrameworks/BiomeStreams.framework/Versions/A/BiomeStreams
0x00000001bfda9000 	/System/Library/PrivateFrameworks/BiomeFoundation.framework/Versions/A/BiomeFoundation
0x00000001c9c26000 	/System/Library/PrivateFrameworks/BiomePubSub.framework/Versions/A/BiomePubSub
0x0000000190278000 	/System/Library/Frameworks/CoreData.framework/Versions/A/CoreData
0x00000001a6125000 	/System/Library/PrivateFrameworks/ProactiveSupport.framework/Versions/A/ProactiveSupport
0x000000019977e000 	/usr/lib/liblzma.5.dylib
0x00000001a0800000 	/System/Library/Frameworks/Accelerate.framework/Versions/A/Accelerate
0x0000000197343000 	/System/Library/PrivateFrameworks/MobileKeyBag.framework/Versions/A/MobileKeyBag
0x00000001a4b24000 	/System/Library/PrivateFrameworks/InternationalTextSearch.framework/Versions/A/InternationalTextSearch
0x00000001bc2c6000 	/System/Library/PrivateFrameworks/SoftwareUpdateCoreSupport.framework/Versions/A/SoftwareUpdateCoreSupport
0x00000001c45f4000 	/System/Library/PrivateFrameworks/SoftwareUpdateCoreConnect.framework/Versions/A/SoftwareUpdateCoreConnect
0x00000001a46bf000 	/System/Library/PrivateFrameworks/RemoteServiceDiscovery.framework/Versions/A/RemoteServiceDiscovery
0x00000001bbebd000 	/System/Library/PrivateFrameworks/MSUDataAccessor.framework/Versions/A/MSUDataAccessor
0x00000001b6ff6000 	/usr/lib/libbootpolicy.dylib
0x00000001a46d6000 	/System/Library/PrivateFrameworks/RemoteXPC.framework/Versions/A/RemoteXPC
0x00000001c3a3e000 	/usr/lib/libFDR.dylib
0x00000001c9847000 	/usr/lib/libamsupport.dylib
0x0000000282c5c000 	/usr/lib/libReverseProxyDevice.dylib
0x0000000239e6c000 	/System/Library/PrivateFrameworks/AppleDeviceQuerySupport.framework/Versions/A/AppleDeviceQuerySupport
0x00000001cc8c9000 	/usr/lib/libpartition2_dynamic.dylib
0x0000000198376000 	/System/Library/PrivateFrameworks/AppleSauce.framework/Versions/A/AppleSauce
0x00000002827e9000 	/usr/lib/libAppleArchive.dylib
0x0000000197bb0000 	/usr/lib/libbz2.1.0.dylib
0x00000001920c4000 	/System/Library/Frameworks/Accelerate.framework/Versions/A/Frameworks/vImage.framework/Versions/A/vImage
0x00000001a0563000 	/System/Library/Frameworks/Accelerate.framework/Versions/A/Frameworks/vecLib.framework/Versions/A/vecLib
0x0000000199855000 	/System/Library/Frameworks/Accelerate.framework/Versions/A/Frameworks/vecLib.framework/Versions/A/libvMisc.dylib
0x0000000189226000 	/System/Library/Frameworks/Accelerate.framework/Versions/A/Frameworks/vecLib.framework/Versions/A/libBLAS.dylib
0x00000001a4b23000 	/System/Library/Frameworks/ApplicationServices.framework/Versions/A/ApplicationServices
0x0000000192dc5000 	/System/Library/Frameworks/CoreVideo.framework/Versions/A/CoreVideo
0x000000018fc6e000 	/System/Library/Frameworks/ColorSync.framework/Versions/A/ColorSync
0x000000018b680000 	/System/Library/Frameworks/CoreText.framework/Versions/A/CoreText
0x00000001955c7000 	/System/Library/Frameworks/ImageIO.framework/Versions/A/ImageIO
0x000000019c36b000 	/System/Library/Frameworks/ApplicationServices.framework/Versions/A/Frameworks/ATS.framework/Versions/A/ATS
0x000000018fe1a000 	/System/Library/Frameworks/ApplicationServices.framework/Versions/A/Frameworks/HIServices.framework/Versions/A/HIServices
0x000000019aa1d000 	/System/Library/Frameworks/ApplicationServices.framework/Versions/A/Frameworks/PrintCore.framework/Versions/A/PrintCore
0x000000019c72c000 	/System/Library/Frameworks/ApplicationServices.framework/Versions/A/Frameworks/QD.framework/Versions/A/QD
0x000000019c727000 	/System/Library/Frameworks/ApplicationServices.framework/Versions/A/Frameworks/ColorSyncLegacy.framework/Versions/A/ColorSyncLegacy
0x000000019c33d000 	/System/Library/Frameworks/ApplicationServices.framework/Versions/A/Frameworks/SpeechSynthesis.framework/Versions/A/SpeechSynthesis
0x000000018ef7b000 	/System/Library/PrivateFrameworks/SkyLight.framework/Versions/A/SkyLight
0x0000000194f98000 	/System/Library/PrivateFrameworks/FontServices.framework/libFontParser.dylib
0x0000000190908000 	/System/Library/PrivateFrameworks/BaseBoard.framework/Versions/A/BaseBoard
0x00000001a2619000 	/System/Library/PrivateFrameworks/BoardServices.framework/Versions/A/BoardServices
0x00000001a43e5000 	/System/Library/PrivateFrameworks/BackBoardServices.framework/Versions/A/BackBoardServices
0x000000023b9b1000 	/System/Library/PrivateFrameworks/BackBoardHIDEventFoundation.framework/Versions/A/BackBoardHIDEventFoundation
0x000000018b191000 	/System/Library/Frameworks/CoreDisplay.framework/Versions/A/CoreDisplay
0x000000019a354000 	/System/Library/Frameworks/VideoToolbox.framework/Versions/A/VideoToolbox
0x00000001983da000 	/System/Library/Frameworks/MetalPerformanceShaders.framework/Versions/A/MetalPerformanceShaders
0x0000000264880000 	/System/Library/PrivateFrameworks/ProDisplayLibrary.framework/Versions/A/ProDisplayLibrary
0x00000001a81af000 	/System/Library/PrivateFrameworks/IOSurfaceAccelerator.framework/Versions/A/IOSurfaceAccelerator
0x0000000194ace000 	/System/Library/Frameworks/Metal.framework/Versions/A/Metal
0x0000000194ac3000 	/System/Library/PrivateFrameworks/IOAccelerator.framework/Versions/A/IOAccelerator
0x0000000194ddb000 	/System/Library/Frameworks/CoreMedia.framework/Versions/A/CoreMedia
0x000000018ef56000 	/System/Library/PrivateFrameworks/TCC.framework/Versions/A/TCC
0x000000019a30c000 	/System/Library/PrivateFrameworks/WatchdogClient.framework/Versions/A/WatchdogClient
0x00000001924fb000 	/System/Library/Frameworks/QuartzCore.framework/Versions/A/QuartzCore
0x000000019a30e000 	/System/Library/PrivateFrameworks/MultitouchSupport.framework/Versions/A/MultitouchSupport
0x00000001d1eac000 	/usr/lib/swift/libswiftOSLog.dylib
0x00000001b8a89000 	/usr/lib/swift/libswiftsimd.dylib
0x00000001c9c84000 	/System/Library/PrivateFrameworks/BiomeStorage.framework/Versions/A/BiomeStorage
0x00000002562a6000 	/System/Library/PrivateFrameworks/IntelligencePlatformLibrary.framework/Versions/A/IntelligencePlatformLibrary
0x0000000263b8d000 	/System/Library/PrivateFrameworks/PoirotSchematizer.framework/Versions/A/PoirotSchematizer
0x000000023c2da000 	/System/Library/PrivateFrameworks/BiomeSync.framework/Versions/A/BiomeSync
0x000000023ba7b000 	/System/Library/PrivateFrameworks/BiomeDSL.framework/Versions/A/BiomeDSL
0x00000001e255d000 	/System/Library/PrivateFrameworks/FeatureFlags.framework/Versions/A/FeatureFlags
0x0000000263bf7000 	/System/Library/PrivateFrameworks/PoirotUDFs.framework/Versions/A/PoirotUDFs
0x0000000263b5c000 	/System/Library/PrivateFrameworks/PoirotSQLite.framework/Versions/A/PoirotSQLite
0x00000001a2b36000 	/System/Library/PrivateFrameworks/CoreTime.framework/Versions/A/CoreTime
0x00000001981f2000 	/usr/lib/libiconv.2.dylib
0x000000019814e000 	/usr/lib/libcharset.1.dylib
0x00000002840e9000 	/usr/lib/swift/libswift_RegexParser.dylib
0x000000023d8e3000 	/System/Library/PrivateFrameworks/CascadeSets.framework/Versions/A/CascadeSets
0x000000019c933000 	/System/Library/PrivateFrameworks/CorePhoneNumbers.framework/Versions/A/CorePhoneNumbers
0x000000019a1d6000 	/System/Library/PrivateFrameworks/AppleJPEG.framework/Versions/A/AppleJPEG
0x0000000199bc2000 	/usr/lib/libexpat.1.dylib
0x000000019a8f0000 	/System/Library/Frameworks/ImageIO.framework/Versions/A/Resources/libPng.dylib
0x000000019a91c000 	/System/Library/Frameworks/ImageIO.framework/Versions/A/Resources/libTIFF.dylib
0x000000019aa06000 	/System/Library/Frameworks/ImageIO.framework/Versions/A/Resources/libGIF.dylib
0x000000019a21b000 	/System/Library/Frameworks/ImageIO.framework/Versions/A/Resources/libJP2.dylib
0x00000001998d0000 	/usr/lib/libate.dylib
0x000000019a9ac000 	/System/Library/Frameworks/ImageIO.framework/Versions/A/Resources/libJPEG.dylib
0x000000019a9a3000 	/System/Library/Frameworks/ImageIO.framework/Versions/A/Resources/libRadiance.dylib
0x000000024cace000 	/System/Library/PrivateFrameworks/GPUCompiler.framework/Versions/32023/Libraries/libllvm-flatbuffers.dylib
0x00000002473da000 	/System/Library/PrivateFrameworks/FramePacing.framework/Versions/A/FramePacing
0x00000001ee96e000 	/System/Library/Frameworks/OpenGL.framework/Versions/A/Libraries/libCoreFSCache.dylib
0x000000024851b000 	/System/Library/PrivateFrameworks/GPUCompiler.framework/Versions/32023/Libraries/libGPUCompilerUtils.dylib
0x00000001a26e6000 	/System/Library/PrivateFrameworks/GraphicsServices.framework/Versions/A/GraphicsServices
0x00000001c2b9e000 	/usr/lib/swift/libswiftMetal.dylib
0x00000001c7e61000 	/usr/lib/swift/libswiftQuartzCore.dylib
0x00000001cc6ba000 	/usr/lib/swift/libswiftUniformTypeIdentifiers.dylib
0x0000000195910000 	/System/Library/Frameworks/CoreImage.framework/Versions/A/CoreImage
0x00000001a62b1000 	/System/Library/PrivateFrameworks/ASEProcessing.framework/Versions/A/ASEProcessing
0x00000001d5f00000 	/System/Library/PrivateFrameworks/Symbolication.framework/Versions/A/Symbolication
0x000000026377d000 	/System/Library/PrivateFrameworks/PhotosensitivityProcessing.framework/Versions/A/PhotosensitivityProcessing
0x00000001ee97c000 	/System/Library/Frameworks/OpenGL.framework/Versions/A/OpenGL
0x0000000199df3000 	/System/Library/PrivateFrameworks/GraphVisualizer.framework/Versions/A/GraphVisualizer
0x00000001ee9cd000 	/System/Library/Frameworks/OpenGL.framework/Versions/A/Libraries/libGLU.dylib
0x00000001ee990000 	/System/Library/Frameworks/OpenGL.framework/Versions/A/Libraries/libGFXShared.dylib
0x000000022caa4000 	/System/Library/Frameworks/OpenGL.framework/Versions/A/Libraries/libGL.dylib
0x00000001ee999000 	/System/Library/Frameworks/OpenGL.framework/Versions/A/Libraries/libGLImage.dylib
0x00000001ee98d000 	/System/Library/Frameworks/OpenGL.framework/Versions/A/Libraries/libCVMSPluginSupport.dylib
0x00000001ee976000 	/System/Library/Frameworks/OpenGL.framework/Versions/A/Libraries/libCoreVMClient.dylib
0x00000002472e5000 	/System/Library/PrivateFrameworks/FontServices.framework/Versions/A/FontServices
0x0000000199e03000 	/System/Library/PrivateFrameworks/OTSVG.framework/Versions/A/OTSVG
0x000000019290c000 	/System/Library/Frameworks/ApplicationServices.framework/Versions/A/Frameworks/ATS.framework/Versions/A/Resources/libFontRegistry.dylib
0x000000028316c000 	/usr/lib/libhvf.dylib
0x00000002605b2000 	/System/Library/PrivateFrameworks/ParsingInternal.framework/Versions/A/ParsingInternal
0x00000002472e9000 	/System/Library/PrivateFrameworks/FontServices.framework/libXTFontStaticRegistryData.dylib
0x0000000195e08000 	/System/Library/Frameworks/MetalPerformanceShaders.framework/Versions/A/Frameworks/MPSCore.framework/Versions/A/MPSCore
0x0000000197b0f000 	/System/Library/Frameworks/MetalPerformanceShaders.framework/Versions/A/Frameworks/MPSImage.framework/Versions/A/MPSImage
0x00000001974ed000 	/System/Library/Frameworks/MetalPerformanceShaders.framework/Versions/A/Frameworks/MPSNeuralNetwork.framework/Versions/A/MPSNeuralNetwork
0x0000000197925000 	/System/Library/Frameworks/MetalPerformanceShaders.framework/Versions/A/Frameworks/MPSMatrix.framework/Versions/A/MPSMatrix
0x000000019773a000 	/System/Library/Frameworks/MetalPerformanceShaders.framework/Versions/A/Frameworks/MPSRayIntersector.framework/Versions/A/MPSRayIntersector
0x0000000197957000 	/System/Library/Frameworks/MetalPerformanceShaders.framework/Versions/A/Frameworks/MPSNDArray.framework/Versions/A/MPSNDArray
0x0000000230a48000 	/System/Library/Frameworks/MetalPerformanceShaders.framework/Versions/A/Frameworks/MPSFunctions.framework/Versions/A/MPSFunctions
0x0000000230a29000 	/System/Library/Frameworks/MetalPerformanceShaders.framework/Versions/A/Frameworks/MPSBenchmarkLoop.framework/Versions/A/MPSBenchmarkLoop
0x0000000189041000 	/System/Library/PrivateFrameworks/MetalTools.framework/Versions/A/MetalTools
0x00000001ba12e000 	/System/Library/PrivateFrameworks/IOAccelMemoryInfo.framework/Versions/A/IOAccelMemoryInfo
0x00000001c8257000 	/System/Library/PrivateFrameworks/kperf.framework/Versions/A/kperf
0x00000001b4fb4000 	/System/Library/PrivateFrameworks/GPURawCounter.framework/Versions/A/GPURawCounter
0x00000001a2a1f000 	/System/Library/PrivateFrameworks/CoreSymbolication.framework/Versions/A/CoreSymbolication
0x00000001b4f2b000 	/System/Library/PrivateFrameworks/MallocStackLogging.framework/Versions/A/MallocStackLogging
0x00000001a29fc000 	/System/Library/PrivateFrameworks/DebugSymbols.framework/Versions/A/DebugSymbols
0x00000001c6ac0000 	/System/Library/PrivateFrameworks/OSAnalytics.framework/Versions/A/OSAnalytics
0x00000002451e1000 	/System/Library/PrivateFrameworks/DeviceRecovery.framework/Versions/A/DeviceRecovery
0x000000022e863000 	/System/Library/Frameworks/ExtensionFoundation.framework/Versions/A/ExtensionFoundation
0x0000000199e44000 	/System/Library/PrivateFrameworks/AppServerSupport.framework/Versions/A/AppServerSupport
0x0000000199c47000 	/System/Library/PrivateFrameworks/IconServices.framework/Versions/A/IconServices
0x0000000199ac1000 	/System/Library/PrivateFrameworks/PlugInKit.framework/Versions/A/PlugInKit
0x000000019735b000 	/System/Library/PrivateFrameworks/AssertionServices.framework/Versions/A/AssertionServices
0x00000001cc6c9000 	/usr/lib/swift/libswiftAccelerate.dylib
0x0000000199be7000 	/System/Library/PrivateFrameworks/IconFoundation.framework/Versions/A/IconFoundation
0x00000002531aa000 	/System/Library/PrivateFrameworks/IconRendering.framework/Versions/A/IconRendering
0x000000019295f000 	/System/Library/PrivateFrameworks/CoreUI.framework/Versions/A/CoreUI
0x00000002667e0000 	/System/Library/PrivateFrameworks/SFSymbols.framework/Versions/A/SFSymbols
0x000000022e71e000 	/System/Library/Frameworks/DeveloperToolsSupport.framework/Versions/A/DeveloperToolsSupport
0x00000001ac221000 	/System/Library/PrivateFrameworks/RenderBox.framework/Versions/A/RenderBox
0x0000000195589000 	/System/Library/PrivateFrameworks/CoreSVG.framework/Versions/A/CoreSVG
0x000000019aa94000 	/System/Library/PrivateFrameworks/TextureIO.framework/Versions/A/TextureIO
0x00000001b5031000 	/usr/lib/swift/libswiftCoreImage.dylib
0x000000019a9d8000 	/System/Library/Frameworks/ApplicationServices.framework/Versions/A/Frameworks/ATSUI.framework/Versions/A/ATSUI
0x000000019c0ca000 	/System/Library/Frameworks/AudioToolbox.framework/Versions/A/AudioToolbox
0x000000018b2b5000 	/System/Library/PrivateFrameworks/AudioToolboxCore.framework/Versions/A/AudioToolboxCore
0x000000019c2a5000 	/System/Library/PrivateFrameworks/AudioSession.framework/Versions/A/AudioSession
0x00000001a74f9000 	/System/Library/Frameworks/CoreMIDI.framework/Versions/A/CoreMIDI
0x000000019c324000 	/usr/lib/libAudioStatistics.dylib
0x0000000194db2000 	/System/Library/PrivateFrameworks/caulk.framework/Versions/A/caulk
0x000000018b8ad000 	/System/Library/Frameworks/CoreAudio.framework/Versions/A/CoreAudio
0x000000019a8ca000 	/usr/lib/libAudioToolboxUtility.dylib
0x00000001b4fb8000 	/usr/lib/swift/libswiftCoreAudio.dylib
0x00000001bb71f000 	/usr/lib/swift/libswiftCoreMIDI.dylib
0x000000019c735000 	/System/Library/PrivateFrameworks/perfdata.framework/Versions/A/perfdata
0x00000001b3fd5000 	/System/Library/PrivateFrameworks/SystemPolicy.framework/Versions/A/SystemPolicy
0x000000019c5da000 	/usr/lib/libSMC.dylib
0x000000019c743000 	/usr/lib/libperfcheck.dylib
0x000000023b3c5000 	/System/Library/PrivateFrameworks/AudioAnalytics.framework/Versions/A/AudioAnalytics
0x00000002840ac000 	/usr/lib/swift/libswift_DarwinFoundation2.dylib
0x00000002840ad000 	/usr/lib/swift/libswift_DarwinFoundation3.dylib
0x00000001da3e5000 	/System/Library/Frameworks/OSLog.framework/Versions/A/OSLog
0x00000001b4f5d000 	/usr/lib/libmis.dylib
0x0000000199d04000 	/System/Library/PrivateFrameworks/MediaExperience.framework/Versions/A/MediaExperience
0x000000019c073000 	/System/Library/PrivateFrameworks/AudioSession.framework/libSessionUtility.dylib
0x000000019aa0c000 	/System/Library/PrivateFrameworks/CMCaptureCore.framework/Versions/A/CMCaptureCore
0x0000000199e51000 	/usr/lib/libspindump.dylib
0x00000001a15aa000 	/System/Library/Frameworks/CoreBluetooth.framework/Versions/A/CoreBluetooth
0x00000001971c7000 	/System/Library/PrivateFrameworks/CoreUtils.framework/Versions/A/CoreUtils
0x00000001acf47000 	/System/Library/PrivateFrameworks/HID.framework/Versions/A/HID
0x00000002445e3000 	/System/Library/PrivateFrameworks/CoreUtilsExtras.framework/Versions/A/CoreUtilsExtras
0x000000025310c000 	/System/Library/PrivateFrameworks/IO80211.framework/Versions/A/IO80211
0x000000019dfed000 	/System/Library/Frameworks/IOBluetooth.framework/Versions/A/IOBluetooth
0x00000001c2bab000 	/usr/lib/swift/libswiftCompression.dylib
0x000000023afb3000 	/System/Library/PrivateFrameworks/ArgumentParserInternal.framework/Versions/A/ArgumentParserInternal
0x0000000199961000 	/usr/lib/libIOReport.dylib
0x000000019736a000 	/System/Library/Frameworks/SecurityFoundation.framework/Versions/A/SecurityFoundation
0x0000000189a05000 	/System/Library/PrivateFrameworks/Lexicon.framework/Versions/A/Lexicon
0x00000001a253a000 	/System/Library/PrivateFrameworks/FrontBoardServices.framework/Versions/A/FrontBoardServices
0x00000001974d5000 	/usr/lib/libgermantok.dylib
0x0000000195ff2000 	/System/Library/PrivateFrameworks/LinguisticData.framework/Versions/A/LinguisticData
0x00000001a17bd000 	/System/Library/PrivateFrameworks/MediaKit.framework/Versions/A/MediaKit
0x00000001a1708000 	/System/Library/Frameworks/DiscRecording.framework/Versions/A/DiscRecording
0x0000000199bdd000 	/usr/lib/libheimdal-asn1.dylib
0x00000001a50d7000 	/System/Library/Frameworks/AudioUnit.framework/Versions/A/AudioUnit
0x0000000192c2b000 	/System/Library/Frameworks/OpenDirectory.framework/Versions/A/OpenDirectory
0x0000000192c39000 	/System/Library/Frameworks/OpenDirectory.framework/Versions/A/Frameworks/CFOpenDirectory.framework/Versions/A/CFOpenDirectory
0x000000022ce28000 	/System/Library/Frameworks/AVFAudio.framework/Versions/A/AVFAudio
0x00000001adf11000 	/usr/lib/libAccessibility.dylib
0x0000000256e3a000 	/System/Library/PrivateFrameworks/IsolatedCoreAudioClient.framework/Versions/A/IsolatedCoreAudioClient
0x00000001d0706000 	/usr/lib/swift/libswiftCoreMedia.dylib
0x0000000274603000 	/System/Library/PrivateFrameworks/Tightbeam.framework/Versions/A/Tightbeam
0x00000002404f3000 	/System/Library/PrivateFrameworks/CoreAudioOrchestration.framework/Versions/A/CoreAudioOrchestration
0x00000001cce15000 	/System/Library/PrivateFrameworks/AFKUser.framework/Versions/A/AFKUser
0x00000001a0850000 	/System/Library/Frameworks/MediaAccessibility.framework/Versions/A/MediaAccessibility
0x00000002787ef000 	/System/Library/PrivateFrameworks/VideoToolboxParavirtualizationSupport.framework/Versions/A/VideoToolboxParavirtualizationSupport
0x0000000199b79000 	/System/Library/PrivateFrameworks/AppleVA.framework/Versions/A/AppleVA
0x000000019a99e000 	/System/Library/PrivateFrameworks/GPUWrangler.framework/Versions/A/GPUWrangler
0x000000019a97e000 	/System/Library/PrivateFrameworks/IOPresentment.framework/Versions/A/IOPresentment
0x000000019a9a6000 	/System/Library/PrivateFrameworks/DSExternalDisplay.framework/Versions/A/DSExternalDisplay
0x000000023ae0a000 	/System/Library/PrivateFrameworks/AppleMobileFileIntegrity.framework/Versions/A/AppleMobileFileIntegrity
0x0000000282ce9000 	/usr/lib/libTLE.dylib
0x00000001eb6ad000 	/System/Library/PrivateFrameworks/ConfigProfileHelper.framework/Versions/A/ConfigProfileHelper
0x00000001e04cd000 	/usr/lib/libedit.3.dylib
0x00000002583bb000 	/System/Library/PrivateFrameworks/MIL.framework/Versions/A/MIL
0x00000001ba0f1000 	/usr/lib/libncurses.5.4.dylib
0x00000001970fc000 	/System/Library/PrivateFrameworks/CoreEmoji.framework/Versions/A/CoreEmoji
0x0000000189d22000 	/usr/lib/libCRFSuite.dylib
0x0000000195ed0000 	/System/Library/PrivateFrameworks/CoreNLP.framework/Versions/A/CoreNLP
0x0000000197474000 	/usr/lib/libmecab.dylib
0x000000019836d000 	/usr/lib/libThaiTokenizer.dylib
0x000000019ae3c000 	/System/Library/PrivateFrameworks/DataDetectorsCore.framework/Versions/A/DataDetectorsCore
0x000000022e709000 	/System/Library/Frameworks/DataDetection.framework/Versions/A/DataDetection
0x00000001b8cf4000 	/System/Library/PrivateFrameworks/TextInput.framework/Versions/A/TextInput
0x00000001da8a4000 	/System/Library/PrivateFrameworks/HIDDisplay.framework/Versions/A/HIDDisplay
0x000000019c6bb000 	/usr/lib/libcups.2.dylib
0x000000019c751000 	/System/Library/Frameworks/Kerberos.framework/Versions/A/Kerberos
0x000000019c3b3000 	/usr/lib/libresolv.9.dylib
0x0000000199e58000 	/System/Library/PrivateFrameworks/Heimdal.framework/Versions/A/Heimdal
0x00000001a50d6000 	/System/Library/Frameworks/Kerberos.framework/Versions/A/Libraries/libHeimdalProxy.dylib
0x000000019c7b5000 	/System/Library/PrivateFrameworks/CommonAuth.framework/Versions/A/CommonAuth
0x00000001ade0c000 	/System/Library/PrivateFrameworks/AXCoreUtilities.framework/Versions/A/AXCoreUtilities
0x00000001bdec8000 	/System/Library/PrivateFrameworks/AttributeGraph.framework/Versions/A/AttributeGraph
0x0000000282703000 	/usr/lib/libAXSafeCategoryBundle.dylib
0x0000000196fe1000 	/System/Library/Frameworks/Accelerate.framework/Versions/A/Frameworks/vecLib.framework/Versions/A/libvDSP.dylib
0x00000001984ba000 	/System/Library/Frameworks/Accelerate.framework/Versions/A/Frameworks/vecLib.framework/Versions/A/libLAPACK.dylib
0x00000001974d8000 	/System/Library/Frameworks/Accelerate.framework/Versions/A/Frameworks/vecLib.framework/Versions/A/libLinearAlgebra.dylib
0x00000001983b3000 	/System/Library/Frameworks/Accelerate.framework/Versions/A/Frameworks/vecLib.framework/Versions/A/libSparseBLAS.dylib
0x00000001984b5000 	/System/Library/Frameworks/Accelerate.framework/Versions/A/Frameworks/vecLib.framework/Versions/A/libQuadrature.dylib
0x0000000195ff9000 	/System/Library/Frameworks/Accelerate.framework/Versions/A/Frameworks/vecLib.framework/Versions/A/libBNNS.dylib
0x0000000189b1b000 	/System/Library/Frameworks/Accelerate.framework/Versions/A/Frameworks/vecLib.framework/Versions/A/libSparse.dylib
0x000000022e1cd000 	/System/Library/Frameworks/CoreTransferable.framework/Versions/A/CoreTransferable
0x000000019c71a000 	/System/Library/PrivateFrameworks/NetAuth.framework/Versions/A/NetAuth
0x0000000192e49000 	/System/Library/PrivateFrameworks/login.framework/Versions/A/Frameworks/loginsupport.framework/Versions/A/loginsupport
0x000000018e35f000 	/System/Library/PrivateFrameworks/UIFoundation.framework/Versions/A/UIFoundation
0x000000019743e000 	/usr/lib/libCheckFix.dylib
0x0000000191fc8000 	/System/Library/PrivateFrameworks/MetadataUtilities.framework/Versions/A/MetadataUtilities
0x0000000253bc5000 	/System/Library/PrivateFrameworks/InstalledContentLibrary.framework/Versions/A/InstalledContentLibrary
0x000000018ca96000 	/System/Library/PrivateFrameworks/CoreServicesStore.framework/Versions/A/CoreServicesStore
0x0000000192c90000 	/usr/lib/libapp_launch_measurement.dylib
0x00000001c835e000 	/System/Library/PrivateFrameworks/MobileSystemServices.framework/Versions/A/MobileSystemServices
0x0000000199822000 	/usr/lib/libxslt.1.dylib
0x00000001973fd000 	/System/Library/PrivateFrameworks/BackgroundTaskManagement.framework/Versions/A/BackgroundTaskManagement
0x00000001a4781000 	/usr/lib/libcurl.4.dylib
0x0000000282f22000 	/usr/lib/libcrypto.46.dylib
0x0000000283b3f000 	/usr/lib/libssl.48.dylib
0x00000001a4457000 	/System/Library/Frameworks/LDAP.framework/Versions/A/LDAP
0x00000001a4493000 	/System/Library/PrivateFrameworks/TrustEvaluationAgent.framework/Versions/A/TrustEvaluationAgent
0x000000019c3d0000 	/usr/lib/libsasl2.2.dylib
0x00000001a76e6000 	/System/Library/Frameworks/Cocoa.framework/Versions/A/Cocoa
0x000000018cc2f000 	/System/Library/Frameworks/AppKit.framework/Versions/C/AppKit
0x000000023ec43000 	/System/Library/PrivateFrameworks/CollectionViewCore.framework/Versions/A/CollectionViewCore
0x0000000195583000 	/System/Library/PrivateFrameworks/XCTTargetBootstrap.framework/Versions/A/XCTTargetBootstrap
0x000000019ae8e000 	/System/Library/PrivateFrameworks/UserActivity.framework/Versions/A/UserActivity
0x00000002473e7000 	/System/Library/PrivateFrameworks/FrontBoard.framework/Versions/A/FrontBoard
0x0000000276569000 	/System/Library/PrivateFrameworks/UIIntelligenceSupport.framework/Versions/A/UIIntelligenceSupport
0x0000000233be6000 	/System/Library/Frameworks/SwiftUICore.framework/Versions/A/SwiftUICore
0x000000027cae3000 	/System/Library/PrivateFrameworks/WritingTools.framework/Versions/A/WritingTools
0x000000027b939000 	/System/Library/PrivateFrameworks/WindowManagement.framework/Versions/A/WindowManagement
0x0000000247120000 	/System/Library/PrivateFrameworks/FocusEngine.framework/Versions/A/FocusEngine
0x0000000244d2f000 	/System/Library/PrivateFrameworks/DesignLibrary.framework/Versions/A/DesignLibrary
0x000000019556e000 	/System/Library/PrivateFrameworks/DFRFoundation.framework/Versions/A/DFRFoundation
0x000000027714f000 	/System/Library/PrivateFrameworks/UpdateCycle.framework/Versions/A/UpdateCycle
0x000000019526a000 	/System/Library/Frameworks/Carbon.framework/Versions/A/Frameworks/HIToolbox.framework/Versions/A/HIToolbox
0x00000001a017f000 	/System/Library/Frameworks/Carbon.framework/Versions/A/Frameworks/SpeechRecognition.framework/Versions/A/SpeechRecognition
0x0000000192c21000 	/System/Library/PrivateFrameworks/PerformanceAnalysis.framework/Versions/A/PerformanceAnalysis
0x00000001a0506000 	/System/Library/Frameworks/Accessibility.framework/Versions/A/Accessibility
0x0000000234b5b000 	/System/Library/Frameworks/Symbols.framework/Versions/A/Symbols
0x0000000250307000 	/System/Library/PrivateFrameworks/Gestures.framework/Versions/A/Gestures
0x00000001b1e91000 	/usr/lib/swift/libswiftCoreGraphics.dylib
0x00000001a0f4c000 	/usr/lib/swift/libswiftFoundation.dylib
0x00000001eb06a000 	/usr/lib/swift/libswiftSwiftOnoneSupport.dylib
0x000000028421e000 	/usr/lib/swift/libswiftsys_time.dylib
0x00000001d66bd000 	/System/Library/PrivateFrameworks/CoreMaterial.framework/Versions/A/CoreMaterial
0x0000000283f64000 	/usr/lib/swift/libswiftSpatial.dylib
0x0000000282ce6000 	/usr/lib/libSpatial.dylib
0x0000000282621000 	/System/Library/SubFrameworks/UIUtilities.framework/Versions/A/UIUtilities
0x00000001083b0000 	/opt/homebrew/Cellar/openjdk/25.0.2/libexec/openjdk.jdk/Contents/Home/lib/server/libjvm.dylib
0x0000000102960000 	/opt/homebrew/Cellar/openjdk/25.0.2/libexec/openjdk.jdk/Contents/Home/lib/libjimage.dylib
0x00000001029e4000 	/opt/homebrew/Cellar/openjdk/25.0.2/libexec/openjdk.jdk/Contents/Home/lib/libjava.dylib
0x0000000102abc000 	/opt/homebrew/Cellar/openjdk/25.0.2/libexec/openjdk.jdk/Contents/Home/lib/libnio.dylib
0x0000000102adc000 	/opt/homebrew/Cellar/openjdk/25.0.2/libexec/openjdk.jdk/Contents/Home/lib/libnet.dylib
0x0000000102af8000 	/opt/homebrew/Cellar/openjdk/25.0.2/libexec/openjdk.jdk/Contents/Home/lib/libzip.dylib
0x0000000102b10000 	/Users/arafat/.openjfx/cache/21.0.6+3/aarch64/libprism_es2.dylib
0x00000001b39a5000 	/System/Library/Frameworks/Carbon.framework/Versions/A/Carbon
0x00000001a9cbd000 	/System/Library/Frameworks/Carbon.framework/Versions/A/Frameworks/CommonPanels.framework/Versions/A/CommonPanels
0x00000001a476c000 	/System/Library/Frameworks/Carbon.framework/Versions/A/Frameworks/Help.framework/Versions/A/Help
0x00000001a9cc1000 	/System/Library/Frameworks/Carbon.framework/Versions/A/Frameworks/ImageCapture.framework/Versions/A/ImageCapture
0x00000001a9c9c000 	/System/Library/Frameworks/Carbon.framework/Versions/A/Frameworks/OpenScripting.framework/Versions/A/OpenScripting
0x00000001a9cbc000 	/System/Library/Frameworks/Carbon.framework/Versions/A/Frameworks/Ink.framework/Versions/A/Ink
0x00000001a9cb9000 	/System/Library/Frameworks/Carbon.framework/Versions/A/Frameworks/SecurityHI.framework/Versions/A/SecurityHI
0x0000000282b44000 	/usr/lib/libInterpreterSecurity.dylib
0x00000001c9f94000 	/System/Library/PrivateFrameworks/XprotectFramework.framework/Versions/A/XprotectFramework
0x00000001ad25c000 	/System/Library/PrivateFrameworks/yara.framework/Versions/A/yara
0x0000000282ac1000 	/usr/lib/libEndpointSecuritySystem.dylib
0x000000022caae000 	/System/Library/Frameworks/OpenGL.framework/Versions/A/Resources/GLEngine.bundle/GLEngine
0x000000022c950000 	/System/Library/Frameworks/OpenGL.framework/Versions/A/Libraries/libGLProgrammability.dylib
0x0000000108124000 	/System/Library/Extensions/AppleMetalOpenGLRenderer.bundle/Contents/MacOS/AppleMetalOpenGLRenderer
0x000000022cc0f000 	/System/Library/Frameworks/OpenGL.framework/Versions/A/Resources/GLRendererFloat.bundle/GLRendererFloat
0x00000001282c8000 	/System/Library/Extensions/AGXMetal13_3.bundle/Contents/MacOS/AGXMetal13_3
0x00000001acf5a000 	/System/Library/PrivateFrameworks/IOGPU.framework/Versions/A/IOGPU
0x0000000108338000 	/Users/arafat/.openjfx/cache/21.0.6+3/aarch64/libglass.dylib
0x000000022d0f8000 	/System/Library/Frameworks/AppIntents.framework/Versions/A/AppIntents
0x00000002332fc000 	/System/Library/Frameworks/RelevanceKit.framework/Versions/A/RelevanceKit
0x0000000197fb2000 	/System/Library/Frameworks/CoreSpotlight.framework/Versions/A/CoreSpotlight
0x0000000257ece000 	/System/Library/PrivateFrameworks/LinkServices.framework/Versions/A/LinkServices
0x00000002456fc000 	/System/Library/PrivateFrameworks/DoNotDisturb.framework/Versions/A/DoNotDisturb
0x0000000257d29000 	/System/Library/PrivateFrameworks/LinkMetadata.framework/Versions/A/LinkMetadata
0x00000001b4fdf000 	/usr/lib/swift/libswiftIntents.dylib
0x00000001ba24b000 	/System/Library/PrivateFrameworks/IntentsCore.framework/Versions/A/IntentsCore
0x000000023b89f000 	/System/Library/PrivateFrameworks/AvailabilityKit.framework/Versions/A/AvailabilityKit
0x0000000238c13000 	/System/Library/PrivateFrameworks/AppIntentSchemas.framework/Versions/A/AppIntentSchemas
0x000000024d03c000 	/System/Library/PrivateFrameworks/GRDBInternal.framework/Versions/A/GRDBInternal
0x000000027080e000 	/System/Library/PrivateFrameworks/StatusKit.framework/Versions/A/StatusKit
0x00000001a1aec000 	/System/Library/PrivateFrameworks/GenerationalStorage.framework/Versions/A/GenerationalStorage
0x00000001a1914000 	/System/Library/Frameworks/FileProvider.framework/Versions/A/FileProvider
0x000000018e531000 	/System/Library/PrivateFrameworks/DesktopServicesPriv.framework/Versions/A/DesktopServicesPriv
0x0000000190867000 	/System/Library/Frameworks/Accounts.framework/Versions/A/Accounts
0x00000001b4a4b000 	/System/Library/PrivateFrameworks/FTServices.framework/Versions/A/FTServices
0x00000001acf06000 	/System/Library/PrivateFrameworks/CloudServices.framework/Versions/A/CloudServices
0x00000001a3fa6000 	/System/Library/PrivateFrameworks/CoreWiFi.framework/Versions/A/CoreWiFi
0x00000001947ed000 	/System/Library/Frameworks/CoreLocation.framework/Versions/A/CoreLocation
0x00000001a393d000 	/System/Library/Frameworks/Intents.framework/Versions/A/Intents
0x0000000235ab6000 	/System/Library/Frameworks/_LocationEssentials.framework/Versions/A/_LocationEssentials
0x0000000197f61000 	/System/Library/Frameworks/UserNotifications.framework/Versions/A/UserNotifications
0x000000019dbf8000 	/System/Library/PrivateFrameworks/Sharing.framework/Versions/A/Sharing
0x000000019d779000 	/System/Library/PrivateFrameworks/IDSFoundation.framework/Versions/A/IDSFoundation
0x00000001a3fa5000 	/System/Library/PrivateFrameworks/Apple80211.framework/Versions/A/Apple80211
0x0000000197bf7000 	/System/Library/PrivateFrameworks/AuthKit.framework/Versions/A/AuthKit
0x0000000197144000 	/System/Library/Frameworks/CoreWLAN.framework/Versions/A/CoreWLAN
0x00000001bb700000 	/usr/lib/swift/libswiftCoreLocation.dylib
0x000000019bfc1000 	/System/Library/PrivateFrameworks/IMFoundation.framework/Versions/A/IMFoundation
0x00000001ad25b000 	/System/Library/PrivateFrameworks/Marco.framework/Versions/A/Marco
0x00000001908f1000 	/System/Library/PrivateFrameworks/CommonUtilities.framework/Versions/A/CommonUtilities
0x00000001a9c84000 	/System/Library/PrivateFrameworks/Engram.framework/Versions/A/Engram
0x0000000283ec3000 	/usr/lib/swift/libswiftRegexBuilder.dylib
0x00000001a9c22000 	/usr/lib/libtidy.A.dylib
0x000000019a160000 	/System/Library/PrivateFrameworks/Bom.framework/Versions/A/Bom
0x000000019c3f1000 	/usr/lib/libParallelCompression.dylib
0x00000001e25e2000 	/System/Library/PrivateFrameworks/WiFiPeerToPeer.framework/Versions/A/WiFiPeerToPeer
0x0000000283654000 	/usr/lib/libmrc.dylib
0x0000000253176000 	/System/Library/PrivateFrameworks/IPConfiguration.framework/Versions/A/IPConfiguration
0x00000001d667f000 	/System/Library/PrivateFrameworks/Netrb.framework/Versions/A/Netrb
0x000000019c3e3000 	/System/Library/PrivateFrameworks/MultiverseSupport.framework/Versions/A/MultiverseSupport
0x00000001a17ef000 	/System/Library/PrivateFrameworks/DiskManagement.framework/Versions/A/DiskManagement
0x00000001a16fb000 	/System/Library/PrivateFrameworks/AppleIDAuthSupport.framework/Versions/A/AppleIDAuthSupport
0x0000000236396000 	/System/Library/PrivateFrameworks/AAAFoundation.framework/Versions/A/AAAFoundation
0x000000019c8f1000 	/System/Library/PrivateFrameworks/KeychainCircle.framework/Versions/A/KeychainCircle
0x00000001ade02000 	/System/Library/PrivateFrameworks/URLFormatting.framework/Versions/A/URLFormatting
0x00000001a4775000 	/usr/lib/libcsfde.dylib
0x0000000199b0b000 	/usr/lib/libCoreStorage.dylib
0x000000019e0c4000 	/System/Library/PrivateFrameworks/ProtectedCloudStorage.framework/Versions/A/ProtectedCloudStorage
0x00000001a4770000 	/System/Library/PrivateFrameworks/EFILogin.framework/Versions/A/EFILogin
0x00000001a1b13000 	/System/Library/PrivateFrameworks/OctagonTrust.framework/Versions/A/OctagonTrust
0x000000019e38b000 	/System/Library/PrivateFrameworks/GeoServices.framework/Versions/A/GeoServices
0x000000019c03a000 	/System/Library/PrivateFrameworks/LocationSupport.framework/Versions/A/LocationSupport
0x0000000250161000 	/System/Library/PrivateFrameworks/GeoServicesCore.framework/Versions/A/GeoServicesCore
0x00000001ade00000 	/System/Library/PrivateFrameworks/PhoneNumbers.framework/Versions/A/PhoneNumbers
0x00000002582ac000 	/System/Library/PrivateFrameworks/LocationLogEncryption.framework/Versions/A/LocationLogEncryption
0x000000019d59a000 	/System/Library/PrivateFrameworks/IDS.framework/Versions/A/IDS
0x00000001dd2a3000 	/System/Library/Frameworks/CryptoKit.framework/Versions/A/CryptoKit
0x00000001a50d2000 	/System/Library/PrivateFrameworks/CryptoKitCBridging.framework/Versions/A/CryptoKitCBridging
0x00000001a26f8000 	/System/Library/Frameworks/CryptoTokenKit.framework/Versions/A/CryptoTokenKit
0x00000001c3597000 	/System/Library/PrivateFrameworks/FTAWD.framework/Versions/A/FTAWD
0x000000018cbd3000 	/usr/lib/libsandbox.1.dylib
0x0000000199b03000 	/usr/lib/libMatch.1.dylib
0x00000001a5195000 	/System/Library/PrivateFrameworks/IntentsFoundation.framework/Versions/A/IntentsFoundation
0x0000000192ae8000 	/System/Library/PrivateFrameworks/ViewBridge.framework/Versions/A/ViewBridge
0x00000002359c0000 	/System/Library/Frameworks/_AppIntents_AppKit.framework/Versions/A/_AppIntents_AppKit
0x00000001bb6e5000 	/System/Library/Frameworks/Accelerate.framework/Versions/A/Frameworks/vImage.framework/Versions/A/Libraries/libCGInterfaces.dylib
0x000000010839c000 	/usr/lib/libobjc-trampolines.dylib
0x0000000282707000 	/usr/lib/libAccessibilityBaseImplementations.dylib
0x000000027cae8000 	/System/Library/PrivateFrameworks/WritingToolsUI.framework/Versions/A/WritingToolsUI
0x000000024fb47000 	/System/Library/PrivateFrameworks/GenerativeAssistantSettings.framework/Versions/A/GenerativeAssistantSettings
0x0000000272582000 	/System/Library/PrivateFrameworks/TextComposer.framework/Versions/A/TextComposer
0x000000024fb1e000 	/System/Library/PrivateFrameworks/GenerativeAssistantCommon.framework/Versions/A/GenerativeAssistantCommon
0x00000001bc781000 	/System/Library/Frameworks/SwiftUI.framework/Versions/A/SwiftUI
0x00000002359ff000 	/System/Library/Frameworks/_AuthenticationServices_SwiftUI.framework/Versions/A/_AuthenticationServices_SwiftUI
0x0000000238948000 	/System/Library/PrivateFrameworks/Anvil.framework/Versions/A/Anvil
0x00000001bbd2f000 	/System/Library/PrivateFrameworks/AppStoreDaemon.framework/Versions/A/AppStoreDaemon
0x00000001a773a000 	/System/Library/PrivateFrameworks/AppleMediaServices.framework/Versions/A/AppleMediaServices
0x000000024ffec000 	/System/Library/PrivateFrameworks/GenerativePartnerServiceUI.framework/Versions/A/GenerativePartnerServiceUI
0x00000001ea5db000 	/System/Library/PrivateFrameworks/JetEngine.framework/Versions/A/JetEngine
0x000000027245f000 	/System/Library/PrivateFrameworks/TextAnimationSupport.framework/Versions/A/TextAnimationSupport
0x0000000265716000 	/System/Library/PrivateFrameworks/RecapPerformanceTesting.framework/Versions/A/RecapPerformanceTesting
0x00000001b58b0000 	/System/Library/PrivateFrameworks/SignpostCollection.framework/Versions/A/SignpostCollection
0x000000023b757000 	/System/Library/PrivateFrameworks/AuthenticationServicesCore.framework/Versions/A/AuthenticationServicesCore
0x00000001bf10d000 	/System/Library/Frameworks/AuthenticationServices.framework/Versions/A/AuthenticationServices
0x0000000199a9d000 	/System/Library/PrivateFrameworks/SharedWebCredentials.framework/Versions/A/SharedWebCredentials
0x00000001b674e000 	/System/Library/PrivateFrameworks/SafariCore.framework/Versions/A/SafariCore
0x00000001bec38000 	/System/Library/PrivateFrameworks/SafariFoundation.framework/Versions/A/SafariFoundation
0x00000001a120c000 	/System/Library/Frameworks/Contacts.framework/Versions/A/Contacts
0x000000023c99f000 	/System/Library/PrivateFrameworks/CBORLibrary.framework/Versions/A/CBORLibrary
0x000000023d986000 	/System/Library/PrivateFrameworks/Chirp.framework/Versions/A/Chirp
0x000000023e583000 	/System/Library/PrivateFrameworks/CloudSubscriptionFeatures.framework/Versions/A/CloudSubscriptionFeatures
0x00000001a0f4d000 	/System/Library/PrivateFrameworks/ContactsFoundation.framework/Versions/A/ContactsFoundation
0x00000001eb9dd000 	/System/Library/PrivateFrameworks/RemoteManagement.framework/Versions/A/RemoteManagement
0x0000000265aa4000 	/System/Library/PrivateFrameworks/RemoteManagementModel.framework/Versions/A/RemoteManagementModel
0x0000000265b35000 	/System/Library/PrivateFrameworks/RemoteManagementStore.framework/Versions/A/RemoteManagementStore
0x000000019e1d3000 	/usr/lib/libxcselect.dylib
0x00000001beba7000 	/System/Library/PrivateFrameworks/DifferentialPrivacy.framework/Versions/A/DifferentialPrivacy
0x000000025a605000 	/System/Library/PrivateFrameworks/ManagedSettingsObjC.framework/Versions/A/ManagedSettingsObjC
0x00000002582b1000 	/System/Library/PrivateFrameworks/LockdownMode.framework/Versions/A/LockdownMode
0x0000000277443000 	/System/Library/PrivateFrameworks/VDAF.framework/Versions/A/VDAF
0x00000001a1025000 	/System/Library/PrivateFrameworks/ContactsPersistence.framework/Versions/A/ContactsPersistence
0x00000001a0183000 	/System/Library/PrivateFrameworks/AppleLDAP.framework/Versions/A/AppleLDAP
0x00000001a4b27000 	/System/Library/Frameworks/ClassKit.framework/Versions/A/ClassKit
0x00000001a6dcd000 	/System/Library/PrivateFrameworks/CoreSuggestions.framework/Versions/A/CoreSuggestions
0x00000001a26a6000 	/System/Library/PrivateFrameworks/vCard.framework/Versions/A/vCard
0x000000023f20c000 	/System/Library/PrivateFrameworks/ContactsMetrics.framework/Versions/A/ContactsMetrics
0x0000000199f19000 	/System/Library/PrivateFrameworks/login.framework/Versions/A/login
0x000000025a5ff000 	/System/Library/PrivateFrameworks/ManagedOrganizationContacts.framework/Versions/A/ManagedOrganizationContacts
0x00000001932cc000 	/System/Library/PrivateFrameworks/CloudDocs.framework/Versions/A/CloudDocs
0x00000001ad7c2000 	/System/Library/PrivateFrameworks/ProactiveEventTracker.framework/Versions/A/ProactiveEventTracker
0x000000019c493000 	/System/Library/PrivateFrameworks/CoreFollowUp.framework/Versions/A/CoreFollowUp
0x00000001a62ec000 	/System/Library/PrivateFrameworks/ConfigurationProfiles.framework/Versions/A/ConfigurationProfiles
0x0000000244867000 	/System/Library/PrivateFrameworks/DMCUtilities.framework/Versions/A/DMCUtilities
0x0000000258332000 	/System/Library/PrivateFrameworks/MDMClientLibrary.framework/Versions/A/MDMClientLibrary
0x0000000265b29000 	/System/Library/PrivateFrameworks/RemoteManagementProtocol.framework/Versions/A/RemoteManagementProtocol
0x00000001a0868000 	/System/Library/PrivateFrameworks/SystemAdministration.framework/Versions/A/SystemAdministration
0x00000001ab754000 	/System/Library/PrivateFrameworks/PowerlogControl.framework/Versions/A/PowerlogControl
0x00000001ab756000 	/usr/lib/libUniversalAccess.dylib
0x00000001a81ba000 	/System/Library/PrivateFrameworks/FamilyControls.framework/Versions/A/FamilyControls
0x00000001a0158000 	/System/Library/Frameworks/DirectoryService.framework/Versions/A/DirectoryService
0x00000001a4803000 	/System/Library/PrivateFrameworks/LoginUIKit.framework/Versions/A/Frameworks/LoginUICore.framework/Versions/A/LoginUICore
0x000000019a15e000 	/usr/lib/libodfde.dylib
0x00000001a81b4000 	/System/Library/PrivateFrameworks/UniversalAccess.framework/Versions/A/Libraries/libUAPreferences.dylib
0x00000001a81de000 	/System/Library/PrivateFrameworks/CommerceKit.framework/Versions/A/Frameworks/CommerceCore.framework/Versions/A/CommerceCore
0x00000002447d3000 	/System/Library/PrivateFrameworks/DEPClientLibrary.framework/Versions/A/DEPClientLibrary
0x00000002447fc000 	/System/Library/PrivateFrameworks/DMCEnrollmentLibrary.framework/Versions/A/DMCEnrollmentLibrary
0x00000001ab838000 	/System/Library/PrivateFrameworks/SetupAssistantFramework.framework/Versions/A/SetupAssistantFramework
0x00000001a4f0e000 	/System/Library/PrivateFrameworks/AuthKitUI.framework/Versions/A/AuthKitUI
0x00000001a484d000 	/System/Library/PrivateFrameworks/AppSSO.framework/Versions/A/AppSSO
0x00000001bba8b000 	/System/Library/PrivateFrameworks/LocalAuthenticationUI.framework/Versions/A/LocalAuthenticationUI
0x00000002637d9000 	/System/Library/PrivateFrameworks/PlatformSSO.framework/Versions/A/PlatformSSO
0x00000002638c6000 	/System/Library/PrivateFrameworks/PlatformSSOCore.framework/Versions/A/PlatformSSOCore
0x000000022fc50000 	/System/Library/Frameworks/LocalAuthenticationEmbeddedUI.framework/Versions/A/LocalAuthenticationEmbeddedUI
0x00000001bc546000 	/System/Library/PrivateFrameworks/AOSUI.framework/Versions/A/AOSUI
0x00000001ad58a000 	/System/Library/Frameworks/ContactsUI.framework/Versions/A/ContactsUI
0x00000001a149b000 	/System/Library/PrivateFrameworks/FamilyCircle.framework/Versions/A/FamilyCircle
0x00000001ca37d000 	/System/Library/Frameworks/LinkPresentation.framework/Versions/A/LinkPresentation
0x00000001ad142000 	/System/Library/PrivateFrameworks/IASUtilities.framework/Versions/A/IASUtilities
0x000000025303f000 	/System/Library/PrivateFrameworks/IASUtilitiesCore.framework/Versions/A/IASUtilitiesCore
0x00000001b58c0000 	/System/Library/PrivateFrameworks/OnBoardingKit.framework/Versions/A/OnBoardingKit
0x0000000265b9f000 	/System/Library/PrivateFrameworks/RemoteUI.framework/Versions/A/RemoteUI
0x00000001b1f71000 	/System/Library/Frameworks/WebKit.framework/Versions/A/WebKit
0x00000001a9cc4000 	/System/Library/Frameworks/JavaScriptCore.framework/Versions/A/JavaScriptCore
0x00000002576c0000 	/System/Library/PrivateFrameworks/LiftUI.framework/Versions/A/LiftUI
0x00000002681dc000 	/System/Library/PrivateFrameworks/Settings.framework/Versions/A/Settings
0x000000027d0f5000 	/System/Library/PrivateFrameworks/_IconServices_SwiftUI.framework/Versions/A/_IconServices_SwiftUI
0x000000022db6c000 	/System/Library/Frameworks/BrowserEngineCore.framework/Versions/A/BrowserEngineCore
0x00000001a70cd000 	/System/Library/Frameworks/WebKit.framework/Versions/A/Frameworks/WebKitLegacy.framework/Versions/A/WebKitLegacy
0x00000001a4eb6000 	/System/Library/PrivateFrameworks/CorePrediction.framework/Versions/A/CorePrediction
0x0000000193bd7000 	/System/Library/Frameworks/WebKit.framework/Versions/A/Frameworks/WebCore.framework/Versions/A/Frameworks/libwebrtc.dylib
0x00000001b1efb000 	/System/Library/PrivateFrameworks/SafariSafeBrowsing.framework/Versions/A/SafariSafeBrowsing
0x000000019c459000 	/System/Library/Frameworks/SecurityInterface.framework/Versions/A/SecurityInterface
0x00000001b58bf000 	/System/Library/PrivateFrameworks/WebInspectorUI.framework/Versions/A/WebInspectorUI
0x00000001adf47000 	/System/Library/Frameworks/WebKit.framework/Versions/A/Frameworks/WebCore.framework/Versions/A/WebCore
0x000000023557d000 	/System/Library/Frameworks/WebKit.framework/Versions/A/Frameworks/WebCore.framework/Versions/A/Frameworks/libANGLE-shared.dylib
0x000000027b391000 	/System/Library/PrivateFrameworks/WebGPU.framework/Versions/A/WebGPU
0x00000001b7799000 	/System/Library/Frameworks/SceneKit.framework/Versions/A/SceneKit
0x00000001c8bb7000 	/System/Library/Frameworks/ModelIO.framework/Versions/A/ModelIO
0x000000019e1b5000 	/System/Library/Frameworks/MetalKit.framework/Versions/A/MetalKit
0x00000001a0489000 	/System/Library/Frameworks/GLKit.framework/Versions/A/GLKit
0x00000002844f7000 	/usr/lib/usd/libusd_ms.dylib
0x0000000276828000 	/System/Library/PrivateFrameworks/USDLib_FormatLoaderProxy.framework/Versions/A/USDLib_FormatLoaderProxy
0x0000000284219000 	/usr/lib/swift/libswift_errno.dylib
0x00000001b4a2c000 	/System/Library/PrivateFrameworks/CoreOptimization.framework/Versions/A/CoreOptimization
0x000000022e998000 	/System/Library/Frameworks/ExtensionKit.framework/Versions/A/ExtensionKit
0x000000023e4c2000 	/System/Library/PrivateFrameworks/CloudSettings.framework/Versions/A/CloudSettings
0x000000022e9dc000 	/System/Library/Frameworks/FSKit.framework/Versions/A/FSKit
0x000000025805d000 	/System/Library/PrivateFrameworks/LiveFS.framework/Versions/A/LiveFS
0x00000001a6e9e000 	/System/Library/Frameworks/EventKit.framework/Versions/A/EventKit
0x00000001b5ad4000 	/System/Library/PrivateFrameworks/SearchFoundation.framework/Versions/A/SearchFoundation
0x00000001cc437000 	/System/Library/PrivateFrameworks/Email.framework/Versions/A/Email
0x00000001b462e000 	/System/Library/PrivateFrameworks/CoreRoutine.framework/Versions/A/CoreRoutine
0x00000001eb34b000 	/System/Library/PrivateFrameworks/VoiceShortcutClient.framework/Versions/A/VoiceShortcutClient
0x00000001c4126000 	/System/Library/PrivateFrameworks/Categories.framework/Versions/A/Categories
0x00000001bc3f5000 	/System/Library/PrivateFrameworks/ChronoServices.framework/Versions/A/ChronoServices
0x000000023d444000 	/System/Library/PrivateFrameworks/CalendarDatabase.framework/Versions/A/CalendarDatabase
0x000000023d38e000 	/System/Library/PrivateFrameworks/CalendarDaemon.framework/Versions/A/CalendarDaemon
0x00000001a6210000 	/System/Library/PrivateFrameworks/CalendarFoundation.framework/Versions/A/CalendarFoundation
0x00000001a61cc000 	/System/Library/PrivateFrameworks/iCalendar.framework/Versions/A/iCalendar
0x0000000244a66000 	/System/Library/PrivateFrameworks/DataAccessExpress.framework/Versions/A/DataAccessExpress
0x00000001ad6ec000 	/System/Library/PrivateFrameworks/ContactsAutocomplete.framework/Versions/A/ContactsAutocomplete
0x0000000284003000 	/usr/lib/swift/libswiftVideoToolbox.dylib
0x00000001bc342000 	/System/Library/PrivateFrameworks/FTClientServices.framework/Versions/A/FTClientServices
0x000000025fc1d000 	/System/Library/PrivateFrameworks/OSEligibility.framework/Versions/A/OSEligibility
0x0000000270de9000 	/System/Library/PrivateFrameworks/StorageContainersPrivate.framework/Versions/A/StorageContainersPrivate
0x0000000283e74000 	/usr/lib/swift/libswiftCoreMediaIO.dylib
0x00000001acfcc000 	/System/Library/PrivateFrameworks/CoreDAV.framework/Versions/A/CoreDAV
0x00000001a6d6e000 	/System/Library/PrivateFrameworks/CalDAV.framework/Versions/A/CalDAV
0x00000001b1bf8000 	/System/Library/PrivateFrameworks/TelephonyUtilities.framework/Versions/A/TelephonyUtilities
0x000000022fc0d000 	/System/Library/Frameworks/LiveCommunicationKit.framework/Versions/A/LiveCommunicationKit
0x000000023edbf000 	/System/Library/PrivateFrameworks/CommunicationTrust.framework/Versions/A/CommunicationTrust
0x00000001b6560000 	/System/Library/Frameworks/CallKit.framework/Versions/A/CallKit
0x00000001a1493000 	/System/Library/PrivateFrameworks/CommunicationsFilter.framework/Versions/A/CommunicationsFilter
0x00000001e0608000 	/System/Library/PrivateFrameworks/IMTransferServices.framework/Versions/A/IMTransferServices
0x00000001b4a45000 	/System/Library/PrivateFrameworks/IncomingCallFilter.framework/Versions/A/IncomingCallFilter
0x000000025e36e000 	/System/Library/PrivateFrameworks/NeighborhoodActivityConduit.framework/Versions/A/NeighborhoodActivityConduit
0x00000001b8aa1000 	/System/Library/PrivateFrameworks/CallHistory.framework/Versions/A/CallHistory
0x0000000282934000 	/usr/lib/libBASupport.dylib
0x000000023d85c000 	/System/Library/PrivateFrameworks/CallsUtilities.framework/Versions/A/CallsUtilities
0x000000023d867000 	/System/Library/PrivateFrameworks/CallsXPC.framework/Versions/A/CallsXPC
0x00000001ebb3e000 	/usr/lib/swift/libswiftCallKit.dylib
0x000000023d84f000 	/System/Library/PrivateFrameworks/CallsPersistence.framework/Versions/A/CallsPersistence
0x00000002335d3000 	/System/Library/Frameworks/SensitiveContentAnalysis.framework/Versions/A/SensitiveContentAnalysis
0x00000001b9ad7000 	/System/Library/PrivateFrameworks/PeopleSuggester.framework/Versions/A/PeopleSuggester
0x00000001c2f2f000 	/System/Library/PrivateFrameworks/SpotlightReceiver.framework/Versions/A/SpotlightReceiver
0x000000027d0bc000 	/System/Library/PrivateFrameworks/_AppIntentsServices_AppIntents.framework/Versions/A/_AppIntentsServices_AppIntents
0x0000000238c7c000 	/System/Library/PrivateFrameworks/AppIntentsServices.framework/Versions/A/AppIntentsServices
0x00000001a61b4000 	/System/Library/PrivateFrameworks/CoreRecents.framework/Versions/A/CoreRecents
0x000000022f0e2000 	/System/Library/Frameworks/GeoToolbox.framework/Versions/A/GeoToolbox
0x0000000235a82000 	/System/Library/Frameworks/_GeoToolbox_AppIntents.framework/Versions/A/_GeoToolbox_AppIntents
0x00000001d60b2000 	/System/Library/PrivateFrameworks/DiagnosticRequest.framework/Versions/A/DiagnosticRequest
0x000000027d000000 	/System/Library/PrivateFrameworks/XPCDistributed.framework/Versions/A/XPCDistributed
0x00000002657ac000 	/System/Library/PrivateFrameworks/RegulatoryDomain.framework/Versions/A/RegulatoryDomain
0x00000001a0561000 	/usr/lib/libCTGreenTeaLogger.dylib
0x0000000258283000 	/System/Library/PrivateFrameworks/LocalStatusKit.framework/Versions/A/LocalStatusKit
0x00000001b1ae4000 	/System/Library/PrivateFrameworks/CoreParsec.framework/Versions/A/CoreParsec
0x00000001cc42b000 	/System/Library/PrivateFrameworks/EmailAddressing.framework/Versions/A/EmailAddressing
0x00000001c8426000 	/System/Library/PrivateFrameworks/EmailCore.framework/Versions/A/EmailCore
0x00000001c9454000 	/System/Library/PrivateFrameworks/EmailFoundation.framework/Versions/A/EmailFoundation
0x0000000261362000 	/System/Library/PrivateFrameworks/PegasusAPI.framework/Versions/A/PegasusAPI
0x0000000261eb3000 	/System/Library/PrivateFrameworks/PegasusConfiguration.framework/Versions/A/PegasusConfiguration
0x0000000275096000 	/System/Library/PrivateFrameworks/ToolKit.framework/Versions/A/ToolKit
0x0000000265f34000 	/System/Library/PrivateFrameworks/ReplicatorEngine.framework/Versions/A/ReplicatorEngine
0x00000002660d6000 	/System/Library/PrivateFrameworks/ReplicatorServices.framework/Versions/A/ReplicatorServices
0x0000000271d53000 	/System/Library/PrivateFrameworks/SystemWake.framework/Versions/A/SystemWake
0x00000001b6734000 	/System/Library/PrivateFrameworks/ContextKit.framework/Versions/A/ContextKit
0x000000023f358000 	/System/Library/PrivateFrameworks/ContextKitCore.framework/Versions/A/ContextKitCore
0x00000001b4ccb000 	/System/Library/Frameworks/LocalAuthentication.framework/Support/DaemonUtils.framework/Versions/A/DaemonUtils
0x0000000258218000 	/System/Library/PrivateFrameworks/LocalAuthenticationCoreUI.framework/Versions/A/LocalAuthenticationCoreUI
0x00000001b80ec000 	/System/Library/PrivateFrameworks/BridgeXPC.framework/Versions/A/BridgeXPC
0x00000001b599c000 	/System/Library/PrivateFrameworks/CoreKDL.framework/Versions/A/CoreKDL
0x00000001b3fce000 	/System/Library/PrivateFrameworks/EmbeddedOSSupportHost.framework/Versions/A/EmbeddedOSSupportHost
0x00000001a8c9c000 	/System/Library/PrivateFrameworks/LoginUIKit.framework/Versions/A/LoginUIKit
0x00000001c4621000 	/System/Library/PrivateFrameworks/StorageKit.framework/Versions/A/StorageKit
0x00000001ed34f000 	/System/Library/Frameworks/DeviceCheck.framework/Versions/A/DeviceCheck
0x00000001c469a000 	/System/Library/PrivateFrameworks/CoreWLANKit.framework/Versions/A/CoreWLANKit
0x000000027a719000 	/System/Library/PrivateFrameworks/Wallpaper.framework/Versions/A/Wallpaper
0x0000000283e8f000 	/usr/lib/swift/libswiftGLKit.dylib
0x0000000283e9a000 	/usr/lib/swift/libswiftMetalKit.dylib
0x0000000283e9e000 	/usr/lib/swift/libswiftModelIO.dylib
0x0000000283f61000 	/usr/lib/swift/libswiftSceneKit.dylib
0x00000002453cc000 	/System/Library/PrivateFrameworks/DiskImages2.framework/Versions/A/DiskImages2
0x00000001cd366000 	/System/Library/PrivateFrameworks/DynamicDesktop.framework/Versions/A/DynamicDesktop
0x000000027a8a8000 	/System/Library/PrivateFrameworks/WallpaperFoundation.framework/Versions/A/WallpaperFoundation
0x000000027a905000 	/System/Library/PrivateFrameworks/WallpaperTypes.framework/Versions/A/WallpaperTypes
0x00000001e2365000 	/System/Library/PrivateFrameworks/SystemDesktopAppearance.framework/Versions/A/SystemDesktopAppearance
0x000000028019b000 	/System/Library/PrivateFrameworks/icloudMCCKit.framework/Versions/A/icloudMCCKit
0x0000000239bd4000 	/System/Library/PrivateFrameworks/AppleAccountUI.framework/Versions/A/AppleAccountUI
0x00000001d6689000 	/System/Library/PrivateFrameworks/PreferencePanesSupport.framework/Versions/A/PreferencePanesSupport
0x00000001bc6f8000 	/System/Library/PrivateFrameworks/FindMyDeviceUI.framework/Versions/A/FindMyDeviceUI
0x000000027dde2000 	/System/Library/PrivateFrameworks/iCloudQuotaUI.framework/Versions/A/iCloudQuotaUI
0x00000001d683d000 	/System/Library/PrivateFrameworks/CoreCDPUI.framework/Versions/A/CoreCDPUI
0x00000001b648f000 	/System/Library/PrivateFrameworks/CoreFollowUpUI.framework/Versions/A/CoreFollowUpUI
0x00000001c31ae000 	/System/Library/PrivateFrameworks/IMCore.framework/Versions/A/IMCore
0x00000001ab7bd000 	/System/Library/PrivateFrameworks/CoreCDP.framework/Versions/A/CoreCDP
0x00000001a7725000 	/System/Library/PrivateFrameworks/AskPermission.framework/Versions/A/AskPermission
0x00000001ba1bc000 	/System/Library/Frameworks/Quartz.framework/Versions/A/Quartz
0x00000001c6bfb000 	/System/Library/PrivateFrameworks/CloudPhotoServicesConfiguration.framework/Versions/A/CloudPhotoServicesConfiguration
0x00000001b88c6000 	/System/Library/PrivateFrameworks/CommerceKit.framework/Versions/A/CommerceKit
0x00000001c84f6000 	/System/Library/PrivateFrameworks/FindMyMac.framework/Versions/A/FindMyMac
0x00000001c83c9000 	/System/Library/Frameworks/PreferencePanes.framework/Versions/A/PreferencePanes
0x00000001bbb76000 	/System/Library/Frameworks/AddressBook.framework/Versions/A/AddressBook
0x00000001a660d000 	/System/Library/PrivateFrameworks/AOSAccounts.framework/Versions/A/AOSAccounts
0x00000001a0862000 	/System/Library/PrivateFrameworks/AppleSRP.framework/Versions/A/AppleSRP
0x00000001b4be1000 	/System/Library/Frameworks/SafariServices.framework/Versions/A/SafariServices
0x00000001a50e6000 	/System/Library/PrivateFrameworks/NetFSServer.framework/Versions/A/NetFSServer
0x00000001b7673000 	/System/Library/Frameworks/PDFKit.framework/Versions/A/PDFKit
0x0000000234b75000 	/System/Library/Frameworks/TabularData.framework/Versions/A/TabularData
0x0000000283eb5000 	/usr/lib/swift/libswiftPassKit.dylib
0x00000001da7e0000 	/System/Library/Frameworks/PassKit.framework/Versions/A/PassKit
0x00000001a8da6000 	/System/Library/PrivateFrameworks/PassKitCore.framework/Versions/A/PassKitCore
0x0000000260c80000 	/System/Library/PrivateFrameworks/PassKitMacHelperTemp.framework/Versions/A/PassKitMacHelperTemp
0x0000000282884000 	/usr/lib/libAppleSSE.dylib
0x00000001b4d17000 	/System/Library/PrivateFrameworks/BiometricKit.framework/Versions/A/BiometricKit
0x00000002666da000 	/System/Library/PrivateFrameworks/SEService.framework/Versions/A/SEService
0x000000022eaa1000 	/System/Library/Frameworks/FinanceKit.framework/Versions/A/FinanceKit
0x00000001ba26b000 	/System/Library/PrivateFrameworks/NearField.framework/Versions/A/NearField
0x0000000282c83000 	/usr/lib/libSESShared.dylib
0x0000000266942000 	/System/Library/PrivateFrameworks/STSXPCHelperClient.framework/Versions/A/STSXPCHelperClient
0x00000001bbf82000 	/usr/lib/libnfshared.dylib
0x0000000271adb000 	/System/Library/PrivateFrameworks/Symptoms.framework/Versions/A/Frameworks/SymptomPresentationFeed.framework/Versions/A/SymptomPresentationFeed
0x000000023a5b9000 	/System/Library/PrivateFrameworks/AppleMediaServicesKitInternal.framework/Versions/A/AppleMediaServicesKitInternal
0x000000023b25d000 	/System/Library/PrivateFrameworks/AsyncAlgorithmsInternal.framework/Versions/A/AsyncAlgorithmsInternal
0x000000027181d000 	/System/Library/PrivateFrameworks/SymptomShared.framework/Versions/A/SymptomShared
0x00000001dd510000 	/System/Library/PrivateFrameworks/PassKitUIFoundation.framework/Versions/A/PassKitUIFoundation
0x00000001a0195000 	/System/Library/Frameworks/MapKit.framework/Versions/A/MapKit
0x0000000250097000 	/System/Library/PrivateFrameworks/GeoAnalytics.framework/Versions/A/GeoAnalytics
0x00000001bbfb0000 	/System/Library/PrivateFrameworks/Navigation.framework/Versions/A/Navigation
0x00000001c5c43000 	/System/Library/PrivateFrameworks/VectorKit.framework/Versions/A/VectorKit
0x00000001ad20d000 	/System/Library/PrivateFrameworks/VirtualGarage.framework/Versions/A/VirtualGarage
0x00000001bc18f000 	/System/Library/Frameworks/ExternalAccessory.framework/ExternalAccessory
0x00000001bc1aa000 	/System/Library/PrivateFrameworks/IAP.framework/Versions/A/IAP
0x00000001a0451000 	/System/Library/PrivateFrameworks/IOPlatformPluginFamily.framework/Versions/A/IOPlatformPluginFamily
0x000000023b8a2000 	/System/Library/PrivateFrameworks/AvatarKit.framework/Versions/A/AvatarKit
0x000000023b961000 	/System/Library/PrivateFrameworks/AvatarPersistence.framework/Versions/A/AvatarPersistence
0x0000000234efc000 	/System/Library/Frameworks/TipKit.framework/Versions/A/TipKit
0x00000001a88aa000 	/System/Library/PrivateFrameworks/IMSharedUtilities.framework/Versions/A/IMSharedUtilities
0x0000000283e54000 	/usr/lib/swift/libswiftAppleArchive.dylib
0x0000000277543000 	/System/Library/PrivateFrameworks/VFX.framework/Versions/A/VFX
0x00000001d83e6000 	/System/Library/PrivateFrameworks/AppleCVA.framework/Versions/A/AppleCVA
0x000000023b960000 	/System/Library/PrivateFrameworks/AvatarKitContent.framework/Versions/A/AvatarKitContent
0x00000002309b6000 	/System/Library/Frameworks/MetalFX.framework/Versions/A/MetalFX
0x000000023eed4000 	/System/Library/PrivateFrameworks/CompositorNonUI.framework/Versions/A/CompositorNonUI
0x000000022ce27000 	/System/Library/Frameworks/ARKit.framework/Versions/A/ARKit
0x00000002375ed000 	/System/Library/PrivateFrameworks/ARKitCore.framework/Versions/A/ARKitCore
0x000000028297e000 	/usr/lib/libDisplayWarpSupport.dylib
0x0000000240622000 	/System/Library/PrivateFrameworks/CoreComposite.framework/Versions/A/CoreComposite
0x0000000282db7000 	/usr/lib/libchannel.dylib
0x0000000283ab1000 	/usr/lib/librealtime_safety.dylib
0x000000023767a000 	/System/Library/PrivateFrameworks/ARKitFoundation.framework/Versions/A/ARKitFoundation
0x0000000239c72000 	/System/Library/PrivateFrameworks/AppleDepth.framework/Versions/A/AppleDepth
0x0000000239de8000 	/System/Library/PrivateFrameworks/AppleDepthCore.framework/Versions/A/AppleDepthCore
0x00000001a058a000 	/System/Library/PrivateFrameworks/CoreAppleCVA.framework/Versions/A/CoreAppleCVA
0x00000001ad33b000 	/System/Library/PrivateFrameworks/ContactsUICore.framework/Versions/A/ContactsUICore
0x00000001b4b4d000 	/System/Library/PrivateFrameworks/ContactsDonation.framework/Versions/A/ContactsDonation
0x00000001b4404000 	/System/Library/PrivateFrameworks/DataDetectors.framework/Versions/A/DataDetectors
0x00000001a6d5a000 	/System/Library/Frameworks/MediaLibrary.framework/Versions/A/MediaLibrary
0x00000001a1482000 	/System/Library/PrivateFrameworks/PersonaKit.framework/Versions/A/PersonaKit
0x00000001ad329000 	/System/Library/PrivateFrameworks/PersonaUI.framework/Versions/A/PersonaUI
0x00000001c7deb000 	/System/Library/PrivateFrameworks/Transparency.framework/Versions/A/Transparency
0x0000000246e20000 	/System/Library/PrivateFrameworks/FindMyLocate.framework/Versions/A/FindMyLocate
0x00000001b640e000 	/System/Library/PrivateFrameworks/IntlPreferences.framework/Versions/A/IntlPreferences
0x0000000246cf9000 	/System/Library/PrivateFrameworks/FindMyCommon.framework/Versions/A/FindMyCommon
0x0000000246ae9000 	/System/Library/PrivateFrameworks/FindMyBase.framework/Versions/A/FindMyBase
0x0000000232253000 	/System/Library/Frameworks/NearbyInteraction.framework/Versions/A/NearbyInteraction
0x00000001a10a3000 	/System/Library/PrivateFrameworks/AddressBookCore.framework/Versions/A/AddressBookCore
0x00000001bbd0d000 	/System/Library/PrivateFrameworks/ToneKit.framework/Versions/A/ToneKit
0x00000001b6455000 	/System/Library/PrivateFrameworks/ToneLibrary.framework/Versions/A/ToneLibrary
0x000000023f1d9000 	/System/Library/PrivateFrameworks/ContactsAccounts.framework/Versions/A/ContactsAccounts
0x00000001ba0d7000 	/System/Library/PrivateFrameworks/Lookup.framework/Versions/A/Lookup
0x0000000232b38000 	/System/Library/Frameworks/QuickLookUI.framework/Versions/A/QuickLookUI
0x000000023354d000 	/System/Library/Frameworks/ScreenCaptureKit.framework/Versions/A/ScreenCaptureKit
0x00000001b7187000 	/System/Library/Frameworks/Quartz.framework/Versions/A/Frameworks/QuartzComposer.framework/Versions/A/QuartzComposer
0x00000001b63e5000 	/System/Library/Frameworks/Quartz.framework/Versions/A/Frameworks/QuartzFilters.framework/Versions/A/QuartzFilters
0x00000001b5491000 	/System/Library/Frameworks/Quartz.framework/Versions/A/Frameworks/ImageKit.framework/Versions/A/ImageKit
0x000000022cc34000 	/System/Library/Frameworks/OpenCL.framework/Versions/A/OpenCL
0x00000001b39a4000 	/System/Library/PrivateFrameworks/CorePDF.framework/Versions/A/CorePDF
0x000000019e14c000 	/System/Library/Frameworks/QuickLook.framework/Versions/A/QuickLook
0x00000001a8c97000 	/System/Library/PrivateFrameworks/DisplayServices.framework/Versions/A/DisplayServices
0x00000001b636a000 	/System/Library/Frameworks/ImageCaptureCore.framework/Versions/A/ImageCaptureCore
0x000000027954f000 	/System/Library/PrivateFrameworks/VisionKitCore.framework/Versions/A/VisionKitCore
0x00000001b1ab4000 	/System/Library/PrivateFrameworks/QuickLookSupport.framework/Versions/A/QuickLookSupport
0x000000025aee6000 	/System/Library/PrivateFrameworks/MediaAnalysisServices.framework/Versions/A/MediaAnalysisServices
0x00000001b90c2000 	/System/Library/PrivateFrameworks/PhotoLibraryServices.framework/Versions/A/PhotoLibraryServices
0x00000001b5f82000 	/System/Library/Frameworks/Photos.framework/Versions/A/Photos
0x00000001ca76f000 	/System/Library/PrivateFrameworks/PhotosFormats.framework/Versions/A/PhotosFormats
0x00000001c6c26000 	/System/Library/PrivateFrameworks/CloudPhotoLibrary.framework/Versions/A/CloudPhotoLibrary
0x00000001cfffe000 	/System/Library/PrivateFrameworks/CloudPhotoServices.framework/Versions/A/CloudPhotoServices
0x00000001cc59c000 	/System/Library/PrivateFrameworks/CoreMediaStream.framework/Versions/A/CoreMediaStream
0x00000001a1b43000 	/System/Library/PrivateFrameworks/CPAnalytics.framework/Versions/A/CPAnalytics
0x00000001c8aef000 	/System/Library/PrivateFrameworks/MediaConversionService.framework/Versions/A/MediaConversionService
0x00000001a8896000 	/System/Library/PrivateFrameworks/PhotoFoundation.framework/Versions/A/PhotoFoundation
0x000000026249b000 	/System/Library/PrivateFrameworks/PhotoLibraryServicesCore.framework/Versions/A/PhotoLibraryServicesCore
0x00000001c28bb000 	/System/Library/PrivateFrameworks/MMCS.framework/Versions/A/MMCS
0x00000001a6bb3000 	/System/Library/PrivateFrameworks/ChunkingLibrary.framework/Versions/A/ChunkingLibrary
0x00000001a082f000 	/System/Library/PrivateFrameworks/AssetCacheServices.framework/Versions/A/AssetCacheServices
0x00000001a27f7000 	/System/Library/PrivateFrameworks/AVFoundationCF.framework/Versions/A/AVFoundationCF
0x00000001e0503000 	/usr/lib/swift/libswiftDemangle.dylib
0x0000000253223000 	/System/Library/PrivateFrameworks/ImageCaptureDevices.framework/Versions/A/ImageCaptureDevices
0x00000001b46c1000 	/System/Library/PrivateFrameworks/MediaStream.framework/Versions/A/MediaStream
0x00000001c8f91000 	/System/Library/PrivateFrameworks/NeutrinoCore.framework/Versions/A/NeutrinoCore
0x0000000190180000 	/System/Library/PrivateFrameworks/NLP.framework/Versions/A/NLP
0x00000001ced91000 	/System/Library/PrivateFrameworks/PhotoImaging.framework/Versions/A/PhotoImaging
0x00000001cffbf000 	/System/Library/PrivateFrameworks/PhotosImagingFoundation.framework/Versions/A/PhotosImagingFoundation
0x0000000263047000 	/System/Library/PrivateFrameworks/PhotosIntelligenceCore.framework/Versions/A/PhotosIntelligenceCore
0x00000001a2c32000 	/System/Library/PrivateFrameworks/EmbeddedAcousticRecognition.framework/Versions/A/EmbeddedAcousticRecognition
0x00000001bdf10000 	/System/Library/PrivateFrameworks/EmojiFoundation.framework/Versions/A/EmojiFoundation
0x00000001c6e9f000 	/System/Library/PrivateFrameworks/SDAPI.framework/Versions/A/SDAPI
0x00000001d000d000 	/System/Library/PrivateFrameworks/AutoLoop.framework/Versions/A/AutoLoop
0x0000000263c24000 	/System/Library/PrivateFrameworks/Portrait.framework/Versions/A/Portrait
0x00000002474b0000 	/System/Library/PrivateFrameworks/FusionTracker.framework/Versions/A/FusionTracker
0x00000001b6c21000 	/System/Library/PrivateFrameworks/iTunesCloud.framework/Versions/A/iTunesCloud
0x00000001bfe00000 	/System/Library/PrivateFrameworks/DAAPKit.framework/Versions/A/DAAPKit
0x00000001b1e30000 	/System/Library/PrivateFrameworks/DeviceManagement.framework/Versions/A/DeviceManagement
0x00000001d6003000 	/System/Library/PrivateFrameworks/ScreenTimeUI.framework/Versions/A/ScreenTimeUI
0x00000001b43fe000 	/System/Library/PrivateFrameworks/QuickLookNonBaseSystem.framework/Versions/A/QuickLookNonBaseSystem
0x00000001b4c23000 	/System/Library/PrivateFrameworks/Catalyst.framework/Versions/A/Catalyst
0x00000001b6607000 	/System/Library/PrivateFrameworks/ScreenTimeCore.framework/Versions/A/ScreenTimeCore
0x00000001c9c1f000 	/System/Library/PrivateFrameworks/ScreenTimeServiceUI.framework/Versions/A/ScreenTimeServiceUI
0x00000001c2a4b000 	/System/Library/PrivateFrameworks/ConfigurationEngineModel.framework/Versions/A/ConfigurationEngineModel
0x00000001c5bfc000 	/System/Library/PrivateFrameworks/UsageTracking.framework/Versions/A/UsageTracking
0x000000022e734000 	/System/Library/Frameworks/DeviceActivity.framework/Versions/A/DeviceActivity
0x00000001c5bcc000 	/System/Library/PrivateFrameworks/KnowledgeMonitor.framework/Versions/A/KnowledgeMonitor
0x00000001dd4b6000 	/System/Library/PrivateFrameworks/BluetoothManager.framework/Versions/A/BluetoothManager
0x000000022fd3b000 	/System/Library/Frameworks/ManagedSettings.framework/Versions/A/ManagedSettings
0x000000025a646000 	/System/Library/PrivateFrameworks/ManagedSettingsSupport.framework/Versions/A/ManagedSettingsSupport
0x00000001da8b0000 	/System/Library/Frameworks/ReplayKit.framework/Versions/A/ReplayKit
0x00000001a9c56000 	/System/Library/PrivateFrameworks/MarkupUI.framework/Versions/A/MarkupUI
0x00000001b43d6000 	/System/Library/PrivateFrameworks/SidecarCore.framework/Versions/A/SidecarCore
0x00000001b703c000 	/System/Library/PrivateFrameworks/AnnotationKit.framework/Versions/A/AnnotationKit
0x00000001b56d6000 	/System/Library/Frameworks/PencilKit.framework/Versions/A/PencilKit
0x00000001b589b000 	/System/Library/PrivateFrameworks/SidecarUI.framework/Versions/A/SidecarUI
0x00000001b5033000 	/System/Library/PrivateFrameworks/CoreHandwriting.framework/Versions/A/CoreHandwriting
0x0000000189d57000 	/usr/lib/libmecabra.dylib
0x00000001ad8fa000 	/System/Library/PrivateFrameworks/Calculate.framework/Versions/A/Calculate
0x000000019984d000 	/usr/lib/libChineseTokenizer.dylib
0x00000001eb902000 	/System/Library/PrivateFrameworks/ScreenReaderCore.framework/Versions/A/ScreenReaderCore
0x0000000270d7b000 	/System/Library/PrivateFrameworks/StocksKit.framework/Versions/A/StocksKit
0x00000001ac8f7000 	/System/Library/PrivateFrameworks/OAuth.framework/Versions/A/OAuth
0x0000000270a6c000 	/System/Library/PrivateFrameworks/StocksCore.framework/Versions/A/StocksCore
0x000000027204b000 	/System/Library/PrivateFrameworks/TeaFoundation.framework/Versions/A/TeaFoundation
0x000000027222d000 	/System/Library/PrivateFrameworks/TeaSettings.framework/Versions/A/TeaSettings
0x00000001e1bcb000 	/System/Library/PrivateFrameworks/NewsCore.framework/Versions/A/NewsCore
0x0000000271fe7000 	/System/Library/PrivateFrameworks/TeaDB.framework/Versions/A/TeaDB
0x00000001de5ca000 	/System/Library/PrivateFrameworks/RemoteConfiguration.framework/Versions/A/RemoteConfiguration
0x00000001e17d6000 	/System/Library/PrivateFrameworks/NewsTransport.framework/Versions/A/NewsTransport
0x00000001e1bbb000 	/System/Library/PrivateFrameworks/NewsFoundation.framework/Versions/A/NewsFoundation
0x000000025e974000 	/System/Library/PrivateFrameworks/NewsURLBucket.framework/Versions/A/NewsURLBucket
0x00000001b8cbb000 	/System/Library/PrivateFrameworks/MobileInstallation.framework/Versions/A/MobileInstallation
0x0000000235069000 	/System/Library/Frameworks/Translation.framework/Versions/A/Translation
0x00000001d1a0f000 	/System/Library/PrivateFrameworks/RevealCore.framework/Versions/A/RevealCore
0x00000001d1a03000 	/System/Library/PrivateFrameworks/Reveal.framework/Versions/A/Reveal
0x00000001c98e9000 	/System/Library/Frameworks/Speech.framework/Versions/A/Speech
0x00000002364cd000 	/System/Library/PrivateFrameworks/AIMLExperimentationAnalytics.framework/Versions/A/AIMLExperimentationAnalytics
0x000000023882b000 	/System/Library/PrivateFrameworks/AlgorithmsInternal.framework/Versions/A/AlgorithmsInternal
0x000000027587f000 	/System/Library/PrivateFrameworks/TranslationUIServices.framework/Versions/A/TranslationUIServices
0x000000027476b000 	/System/Library/PrivateFrameworks/TipKitCore.framework/Versions/A/TipKitCore
0x00000001bdf94000 	/System/Library/PrivateFrameworks/CoreCDPInternal.framework/Versions/A/CoreCDPInternal
0x00000002539ff000 	/System/Library/PrivateFrameworks/InputAnalytics.framework/Versions/A/InputAnalytics
0x00000001c3a2d000 	/System/Library/Frameworks/InstantMessage.framework/Versions/A/InstantMessage
0x00000001bba84000 	/System/Library/PrivateFrameworks/IDSKVStore.framework/Versions/A/IDSKVStore
0x00000001bb763000 	/System/Library/PrivateFrameworks/IMDPersistence.framework/Versions/A/IMDPersistence
0x0000000277439000 	/System/Library/PrivateFrameworks/UserSafety.framework/Versions/A/UserSafety
0x00000001dc6c4000 	/System/Library/PrivateFrameworks/BlastDoor.framework/Versions/A/BlastDoor
0x0000000257e9e000 	/System/Library/PrivateFrameworks/LinkPresentationStyleSheetParsing.framework/Versions/A/LinkPresentationStyleSheetParsing
0x0000000263dd5000 	/System/Library/PrivateFrameworks/PosterFoundation.framework/Versions/A/PosterFoundation
0x0000000263e63000 	/System/Library/PrivateFrameworks/PosterModel.framework/Versions/A/PosterModel
0x0000000263e3e000 	/System/Library/PrivateFrameworks/PosterFuturesKit.framework/Versions/A/PosterFuturesKit
0x00000002468e0000 	/System/Library/PrivateFrameworks/FeedbackService.framework/Versions/A/FeedbackService
0x00000001b4aa4000 	/System/Library/PrivateFrameworks/CoreSDB.framework/Versions/A/CoreSDB
0x000000023b046000 	/System/Library/PrivateFrameworks/AskToCore.framework/Versions/A/AskToCore
0x00000001d683a000 	/System/Library/PrivateFrameworks/MachineSettings.framework/Versions/A/MachineSettings
0x00000001c834b000 	/System/Library/PrivateFrameworks/BezelServices.framework/Versions/A/BezelServices
0x00000001bfe8c000 	/System/Library/PrivateFrameworks/SPOwner.framework/Versions/A/SPOwner
0x00000001b892b000 	/System/Library/PrivateFrameworks/FMCore.framework/Versions/A/FMCore
0x00000001b8125000 	/System/Library/PrivateFrameworks/AppleMediaServicesUI.framework/Versions/A/AppleMediaServicesUI
0x000000027dd3a000 	/System/Library/PrivateFrameworks/iCloudQuota.framework/Versions/A/iCloudQuota
0x00000001ad2a6000 	/System/Library/PrivateFrameworks/CoreRecognition.framework/Versions/A/CoreRecognition
0x00000001c8401000 	/System/Library/PrivateFrameworks/InAppMessages.framework/Versions/A/InAppMessages
0x00000001ea4f3000 	/System/Library/PrivateFrameworks/JetUI.framework/Versions/A/JetUI
0x000000025717f000 	/System/Library/PrivateFrameworks/JetPack.framework/Versions/A/JetPack
0x00000001c83f8000 	/System/Library/PrivateFrameworks/InAppMessagesCore.framework/Versions/A/InAppMessagesCore
0x000000027d105000 	/System/Library/PrivateFrameworks/_JetEngine_SwiftUI.framework/Versions/A/_JetEngine_SwiftUI
0x0000000271b04000 	/System/Library/PrivateFrameworks/Synapse.framework/Versions/A/Synapse
0x000000023d1e8000 	/System/Library/PrivateFrameworks/CSExattrCrypto.framework/Versions/A/CSExattrCrypto
0x00000001b9dc0000 	/System/Library/PrivateFrameworks/StoreFoundation.framework/Versions/A/StoreFoundation
0x00000001b8925000 	/System/Library/PrivateFrameworks/ServerInformation.framework/Versions/A/ServerInformation
0x00000001b835b000 	/System/Library/PrivateFrameworks/Install.framework/Frameworks/DistributionKit.framework/Versions/A/DistributionKit
0x00000001b1888000 	/System/Library/PrivateFrameworks/PackageKit.framework/Versions/A/PackageKit
0x00000001b837e000 	/System/Library/PrivateFrameworks/OSPersonalization.framework/Versions/A/OSPersonalization
0x00000001ba34a000 	/System/Library/PrivateFrameworks/BridgeOSSoftwareUpdate.framework/Versions/A/BridgeOSSoftwareUpdate
0x00000001b4f3b000 	/System/Library/PrivateFrameworks/StorageManagement.framework/Versions/A/StorageManagement
0x00000001c976f000 	/usr/lib/libauthinstall.dylib
0x00000001ba353000 	/System/Library/PrivateFrameworks/InstallerDiagnostics.framework/Versions/A/InstallerDiagnostics
0x00000001c9deb000 	/usr/lib/libcrypto.42.dylib
0x00000002843bb000 	/usr/lib/updaters/libAppleTconUARPUpdater.dylib
0x00000002844de000 	/usr/lib/updaters/libT200Updater.dylib
0x00000001ba338000 	/System/Library/PrivateFrameworks/GPUInfo.framework/Versions/A/GPUInfo
0x00000001c84fc000 	/System/Library/PrivateFrameworks/MobileActivationMacOS.framework/Versions/A/MobileActivationMacOS
0x00000001ac839000 	/System/Library/PrivateFrameworks/AccountsDaemon.framework/Versions/A/AccountsDaemon
0x000000024ffc9000 	/System/Library/PrivateFrameworks/GenerativePartnerService.framework/Versions/A/GenerativePartnerService
0x000000019c8a2000 	/System/Library/PrivateFrameworks/CacheDelete.framework/Versions/A/CacheDelete
0x00000001a520a000 	/System/Library/Frameworks/QuickLookThumbnailing.framework/Versions/A/QuickLookThumbnailing
0x00000001ba397000 	/System/Library/PrivateFrameworks/AOSKit.framework/Versions/A/AOSKit
0x000000019997e000 	/System/Library/PrivateFrameworks/AppSSOCore.framework/Versions/A/AppSSOCore
0x00000001b3dae000 	/System/Library/Frameworks/AVFoundation.framework/Versions/A/AVFoundation
0x000000023b9fa000 	/System/Library/PrivateFrameworks/BackgroundSystemTasks.framework/Versions/A/BackgroundSystemTasks
0x00000001a5120000 	/System/Library/PrivateFrameworks/DuetActivityScheduler.framework/Versions/A/DuetActivityScheduler
0x00000001c6b55000 	/System/Library/PrivateFrameworks/NetworkServiceProxy.framework/Versions/A/NetworkServiceProxy
0x00000001a04c3000 	/usr/lib/libnetworkextension.dylib
0x00000001a2b41000 	/System/Library/PrivateFrameworks/Rapport.framework/Versions/A/Rapport
0x000000027182d000 	/System/Library/PrivateFrameworks/Symptoms.framework/Versions/A/Frameworks/SymptomAnalytics.framework/Versions/A/SymptomAnalytics
0x000000019d2d6000 	/System/Library/Frameworks/NetworkExtension.framework/Versions/A/NetworkExtension
0x00000001a38e7000 	/System/Library/PrivateFrameworks/CoreDuetContext.framework/Versions/A/CoreDuetContext
0x000000018e7db000 	/System/Library/PrivateFrameworks/CoreDuet.framework/Versions/A/CoreDuet
0x00000001a85f0000 	/System/Library/PrivateFrameworks/AssistantServices.framework/Versions/A/AssistantServices
0x00000001a293b000 	/System/Library/PrivateFrameworks/SAObjects.framework/Versions/A/SAObjects
0x00000001a81eb000 	/System/Library/PrivateFrameworks/MediaRemote.framework/Versions/A/MediaRemote
0x00000001ba88b000 	/System/Library/PrivateFrameworks/SiriInstrumentation.framework/Versions/A/SiriInstrumentation
0x00000002687ec000 	/System/Library/PrivateFrameworks/SiriAnalytics.framework/Versions/A/SiriAnalytics
0x000000026e68e000 	/System/Library/PrivateFrameworks/SiriTTSService.framework/Versions/A/SiriTTSService
0x0000000269128000 	/System/Library/PrivateFrameworks/SiriCrossDeviceArbitration.framework/Versions/A/SiriCrossDeviceArbitration
0x00000001b80f7000 	/System/Library/PrivateFrameworks/FeedbackLogger.framework/Versions/A/FeedbackLogger
0x000000024648d000 	/System/Library/PrivateFrameworks/FaceTimeNameUtility.framework/Versions/A/FaceTimeNameUtility
0x000000026917c000 	/System/Library/PrivateFrameworks/SiriCrossDeviceArbitrationFeedback.framework/Versions/A/SiriCrossDeviceArbitrationFeedback
0x000000024fe85000 	/System/Library/PrivateFrameworks/GenerativeModels.framework/Versions/A/GenerativeModels
0x000000022cf6d000 	/System/Library/Frameworks/AVRouting.framework/Versions/A/AVRouting
0x00000001ad0b9000 	/System/Library/PrivateFrameworks/MediaServices.framework/Versions/A/MediaServices
0x000000019aefc000 	/System/Library/Frameworks/MediaToolbox.framework/Versions/A/MediaToolbox
0x00000001a18e5000 	/System/Library/PrivateFrameworks/CoreAVCHD.framework/Versions/A/CoreAVCHD
0x00000001a18e1000 	/System/Library/PrivateFrameworks/Mangrove.framework/Versions/A/Mangrove
0x000000023d004000 	/System/Library/PrivateFrameworks/CMPhoto.framework/Versions/A/CMPhoto
0x00000001a20c6000 	/System/Library/Frameworks/CoreTelephony.framework/Versions/A/CoreTelephony
0x00000001a18d4000 	/System/Library/PrivateFrameworks/CoreAUC.framework/Versions/A/CoreAUC
0x000000023a33d000 	/System/Library/PrivateFrameworks/AppleJPEGXL.framework/Versions/A/AppleJPEGXL
0x000000019c943000 	/usr/lib/libTelephonyUtilDynamic.dylib
0x00000001a2779000 	/System/Library/Frameworks/LocalAuthentication.framework/Versions/A/LocalAuthentication
0x00000002580d4000 	/System/Library/PrivateFrameworks/LocalAuthenticationCore.framework/Versions/A/LocalAuthenticationCore
0x0000000258259000 	/System/Library/PrivateFrameworks/LocalAuthenticationCredentialServices.framework/Versions/A/LocalAuthenticationCredentialServices
0x00000001a27e5000 	/System/Library/Frameworks/LocalAuthentication.framework/Support/SharedUtils.framework/Versions/A/SharedUtils
0x0000000199dc7000 	/System/Library/PrivateFrameworks/PersistentConnection.framework/Versions/A/PersistentConnection
0x000000026fea1000 	/System/Library/PrivateFrameworks/SonicFoundation.framework/Versions/A/SonicFoundation
0x0000000244cf1000 	/System/Library/PrivateFrameworks/Dendrite.framework/Versions/A/Dendrite
0x00000001bc74b000 	/usr/lib/libtailspin.dylib
0x00000001d011d000 	/System/Library/PrivateFrameworks/Osprey.framework/Versions/A/Osprey
0x000000026dce9000 	/System/Library/PrivateFrameworks/SiriTTS.framework/Versions/A/SiriTTS
0x00000001b4b6a000 	/System/Library/Frameworks/NaturalLanguage.framework/Versions/A/NaturalLanguage
0x000000026cacf000 	/System/Library/PrivateFrameworks/SiriPowerInstrumentation.framework/Versions/A/SiriPowerInstrumentation
0x00000001b5a2b000 	/System/Library/PrivateFrameworks/Trial.framework/Versions/A/Trial
0x00000001b59ad000 	/System/Library/PrivateFrameworks/TrialProto.framework/Versions/A/TrialProto
0x0000000276b26000 	/System/Library/PrivateFrameworks/UnifiedAssetFramework.framework/Versions/A/UnifiedAssetFramework
0x00000001d2143000 	/usr/lib/swift/libswiftAVFoundation.dylib
0x00000001e2569000 	/usr/lib/swift/libswiftNaturalLanguage.dylib
0x0000000271fe5000 	/System/Library/PrivateFrameworks/TailspinSymbolication.framework/Versions/A/TailspinSymbolication
0x0000000244930000 	/System/Library/PrivateFrameworks/Darwinup.framework/Versions/A/Darwinup
0x00000001c8b2a000 	/System/Library/PrivateFrameworks/SignpostSupport.framework/Versions/A/SignpostSupport
0x00000001b4a31000 	/System/Library/PrivateFrameworks/FeatureFlagsSupport.framework/Versions/A/FeatureFlagsSupport
0x00000001c825d000 	/System/Library/PrivateFrameworks/ktrace.framework/Versions/A/ktrace
0x00000001c8d59000 	/System/Library/PrivateFrameworks/SampleAnalysis.framework/Versions/A/SampleAnalysis
0x00000001d19dd000 	/System/Library/PrivateFrameworks/kperfdata.framework/Versions/A/kperfdata
0x000000019e28d000 	/usr/lib/libdscsym.dylib
0x00000001d1e99000 	/System/Library/PrivateFrameworks/BulkSymbolication.framework/Versions/A/BulkSymbolication
0x00000001a5256000 	/System/Library/PrivateFrameworks/Espresso.framework/Versions/A/Espresso
0x00000001933ad000 	/System/Library/Frameworks/CoreML.framework/Versions/A/CoreML
0x00000001ebca9000 	/System/Library/PrivateFrameworks/ANECompiler.framework/Versions/A/ANECompiler
0x00000001a7343000 	/System/Library/PrivateFrameworks/AppleNeuralEngine.framework/Versions/A/AppleNeuralEngine
0x0000000230a5d000 	/System/Library/Frameworks/MetalPerformanceShadersGraph.framework/Versions/A/MetalPerformanceShadersGraph
0x0000000258b60000 	/System/Library/PrivateFrameworks/MLCompilerServices.framework/Versions/A/MLCompilerServices
0x00000001a60f2000 	/System/Library/PrivateFrameworks/ANEServices.framework/Versions/A/ANEServices
0x000000025f9cf000 	/System/Library/PrivateFrameworks/ODIE.framework/Versions/A/ODIE
0x0000000258b04000 	/System/Library/PrivateFrameworks/MLCompilerRuntime.framework/Versions/A/MLCompilerRuntime
0x000000019778f000 	/System/Library/Frameworks/MLCompute.framework/Versions/A/MLCompute
0x0000000258a86000 	/System/Library/PrivateFrameworks/MLAssetIO.framework/Versions/A/MLAssetIO
0x0000000283e93000 	/usr/lib/swift/libswiftMLCompute.dylib
0x00000001a22cc000 	/System/Library/PrivateFrameworks/AVFCore.framework/Versions/A/AVFCore
0x00000001ab849000 	/System/Library/PrivateFrameworks/AVFCapture.framework/Versions/A/AVFCapture
0x000000023cded000 	/System/Library/PrivateFrameworks/CMImaging.framework/Versions/A/CMImaging
0x00000001aba92000 	/System/Library/PrivateFrameworks/Quagga.framework/Versions/A/Quagga
0x00000001abbc6000 	/System/Library/PrivateFrameworks/CMCapture.framework/Versions/A/CMCapture
0x000000019c4c9000 	/System/Library/Frameworks/CoreMediaIO.framework/Versions/A/CoreMediaIO
0x000000023cd29000 	/System/Library/PrivateFrameworks/CMCaptureDevice.framework/Versions/A/CMCaptureDevice
0x0000000199f3d000 	/System/Library/PrivateFrameworks/CoreBrightness.framework/Versions/A/CoreBrightness
0x000000023ddfe000 	/System/Library/PrivateFrameworks/CinematicFraming.framework/Versions/A/CinematicFraming
0x00000001cf1db000 	/System/Library/PrivateFrameworks/CPMS.framework/Versions/A/CPMS
0x0000000271cdb000 	/System/Library/PrivateFrameworks/SystemStatus.framework/Versions/A/SystemStatus
0x00000001b39a6000 	/System/Library/Frameworks/CoreMotion.framework/Versions/A/CoreMotion
0x00000001c3aeb000 	/System/Library/PrivateFrameworks/TimeSync.framework/Versions/A/TimeSync
0x000000024560e000 	/System/Library/PrivateFrameworks/DistributedSensing.framework/Versions/A/DistributedSensing
0x00000001bf0cb000 	/System/Library/PrivateFrameworks/MobileBluetooth.framework/Versions/A/MobileBluetooth
0x00000001c57e4000 	/System/Library/PrivateFrameworks/IOKitten.framework/Versions/A/IOKitten
0x000000018afd3000 	/System/Library/PrivateFrameworks/LanguageModeling.framework/Versions/A/LanguageModeling
0x000000018ff87000 	/System/Library/PrivateFrameworks/Montreal.framework/Versions/A/Montreal
0x00000001981fa000 	/usr/lib/libcmph.dylib
0x000000024ff5e000 	/System/Library/PrivateFrameworks/GenerativeModelsFoundation.framework/Versions/A/GenerativeModelsFoundation
0x0000000274ad3000 	/System/Library/PrivateFrameworks/TokenGeneration.framework/Versions/A/TokenGeneration
0x000000024fd41000 	/System/Library/PrivateFrameworks/GenerativeFunctions.framework/Versions/A/GenerativeFunctions
0x000000024fd8d000 	/System/Library/PrivateFrameworks/GenerativeFunctionsFoundation.framework/Versions/A/GenerativeFunctionsFoundation
0x000000025c2ac000 	/System/Library/PrivateFrameworks/ModelCatalog.framework/Versions/A/ModelCatalog
0x0000000267c99000 	/System/Library/PrivateFrameworks/SensitiveContentAnalysisML.framework/Versions/A/SensitiveContentAnalysisML
0x000000024fe22000 	/System/Library/PrivateFrameworks/GenerativeFunctionsInstrumentation.framework/Versions/A/GenerativeFunctionsInstrumentation
0x0000000264ee7000 	/System/Library/PrivateFrameworks/PromptKit.framework/Versions/A/PromptKit
0x00000002649c4000 	/System/Library/PrivateFrameworks/ProactiveDaemonSupport.framework/Versions/A/ProactiveDaemonSupport
0x000000025c68e000 	/System/Library/PrivateFrameworks/ModelManagerServices.framework/Versions/A/ModelManagerServices
0x0000000274d21000 	/System/Library/PrivateFrameworks/TokenGenerationCore.framework/Versions/A/TokenGenerationCore
0x000000023a26a000 	/System/Library/PrivateFrameworks/AppleIntelligenceReporting.framework/Versions/A/AppleIntelligenceReporting
0x0000000239ed2000 	/System/Library/PrivateFrameworks/AppleFlatBuffers.framework/Versions/A/AppleFlatBuffers
0x0000000267ed2000 	/System/Library/PrivateFrameworks/SentencePieceInternal.framework/Versions/A/SentencePieceInternal
0x00000001a08a7000 	/System/Library/Frameworks/Vision.framework/Versions/A/Vision
0x0000000244308000 	/System/Library/PrivateFrameworks/CoreSceneUnderstanding.framework/Versions/A/CoreSceneUnderstanding
0x0000000279503000 	/System/Library/PrivateFrameworks/VisionCore.framework/Versions/A/VisionCore
0x00000001be06c000 	/System/Library/Frameworks/Vision.framework/libfaceCore.dylib
0x00000001beb8f000 	/System/Library/PrivateFrameworks/Futhark.framework/Versions/A/Futhark
0x00000001c2967000 	/System/Library/PrivateFrameworks/InertiaCam.framework/Versions/A/InertiaCam
0x00000001be917000 	/System/Library/PrivateFrameworks/TextRecognition.framework/Versions/A/TextRecognition
0x000000019999f000 	/System/Library/PrivateFrameworks/CVNLP.framework/Versions/A/CVNLP
0x0000000192e4c000 	/System/Library/PrivateFrameworks/ApplePushService.framework/Versions/A/ApplePushService
0x0000000192eb7000 	/System/Library/Frameworks/CloudKit.framework/Versions/A/CloudKit
0x00000001a62b0000 	/System/Library/PrivateFrameworks/CoreDuetDaemonProtocol.framework/Versions/A/CoreDuetDaemonProtocol
0x00000001cb32e000 	/System/Library/PrivateFrameworks/DeviceIdentity.framework/Versions/A/DeviceIdentity
0x0000000233764000 	/System/Library/Frameworks/SharedWithYouCore.framework/Versions/A/SharedWithYouCore
0x000000023e6a6000 	/System/Library/PrivateFrameworks/CloudTelemetry.framework/Versions/A/CloudTelemetry
0x00000001a4bee000 	/System/Library/PrivateFrameworks/AppleAccount.framework/Versions/A/AppleAccount
0x00000001a51af000 	/System/Library/PrivateFrameworks/C2.framework/Versions/A/C2
0x000000023e318000 	/System/Library/PrivateFrameworks/CloudCoreInternal.framework/Versions/A/CloudCoreInternal
0x000000023e0bd000 	/System/Library/PrivateFrameworks/CloudAsset.framework/Versions/A/CloudAsset
0x00000001a51a6000 	/System/Library/Frameworks/PushKit.framework/Versions/A/PushKit
0x000000023e6c6000 	/System/Library/PrivateFrameworks/CloudTelemetryTools.framework/Versions/A/CloudTelemetryTools
0x00000001a70a0000 	/System/Library/PrivateFrameworks/RTCReporting.framework/Versions/A/RTCReporting
0x00000002363b3000 	/System/Library/PrivateFrameworks/AAAFoundationSwift.framework/Versions/A/AAAFoundationSwift
0x00000001a4e79000 	/System/Library/PrivateFrameworks/AppleIDSSOAuthentication.framework/Versions/A/AppleIDSSOAuthentication
0x00000001b9c6b000 	/System/Library/PrivateFrameworks/CaptiveNetwork.framework/Versions/A/CaptiveNetwork
0x00000001a467f000 	/System/Library/PrivateFrameworks/EAP8021X.framework/Versions/A/EAP8021X
0x0000000244716000 	/System/Library/PrivateFrameworks/CryptoKitPrivate.framework/Versions/A/CryptoKitPrivate
0x00000001b3ffe000 	/System/Library/PrivateFrameworks/FindMyDevice.framework/Versions/A/FindMyDevice
0x00000001a8d86000 	/System/Library/PrivateFrameworks/FMCoreLite.framework/Versions/A/FMCoreLite
0x000000019742f000 	/System/Library/Frameworks/ServiceManagement.framework/Versions/A/ServiceManagement
0x000000012e364000 	/Users/arafat/.openjfx/cache/21.0.6+3/aarch64/libjavafx_font.dylib
0x00000001bec8e000 	/System/Library/CoreServices/RawCamera.bundle/Contents/MacOS/RawCamera
0x00000001c8d22000 	/System/Library/PrivateFrameworks/UIKitServices.framework/Versions/A/UIKitServices
0x0000000137f60000 	/opt/homebrew/Cellar/openjdk/25.0.2/libexec/openjdk.jdk/Contents/Home/lib/libextnet.dylib
0x00000002727f6000 	/System/Library/PrivateFrameworks/TextInputUI.framework/Versions/A/TextInputUI
0x000000027282a000 	/System/Library/PrivateFrameworks/TextInputUIMacHelper.framework/Versions/A/TextInputUIMacHelper
0x00000001bec7e000 	/System/Library/PrivateFrameworks/SafariPlatformSupport.framework/Versions/A/SafariPlatformSupport
0x000000027049b000 	/System/Library/PrivateFrameworks/SpotlightKnowledge.framework/Versions/A/SpotlightKnowledge
0x0000000245abc000 	/System/Library/PrivateFrameworks/DocumentUnderstandingClient.framework/Versions/A/DocumentUnderstandingClient
0x0000000270482000 	/System/Library/PrivateFrameworks/SpotlightEmbedding.framework/Versions/A/SpotlightEmbedding
0x000000018e77e000 	/System/Library/PrivateFrameworks/SpotlightLinguistics.framework/Versions/A/SpotlightLinguistics
0x000000027064f000 	/System/Library/PrivateFrameworks/SpotlightResources.framework/Versions/A/SpotlightResources
0x00000001a6667000 	/System/Library/PrivateFrameworks/SpotlightIndex.framework/Versions/A/SpotlightIndex
0x00000001b9c2f000 	/System/Library/PrivateFrameworks/DataDeliveryServices.framework/Versions/A/DataDeliveryServices
0x000000023de37000 	/System/Library/PrivateFrameworks/CipherML.framework/Versions/A/CipherML
0x0000000261f0e000 	/System/Library/PrivateFrameworks/PegasusKit.framework/Versions/A/PegasusKit
0x000000027141e000 	/System/Library/PrivateFrameworks/SwiftSQLite.framework/Versions/A/SwiftSQLite

JVMTI agents: none


VM Arguments:
jvm_args: --module-path=/Users/arafat/.m2/repository/org/openjfx/javafx-base/21.0.6/javafx-base-21.0.6-mac-aarch64.jar:/Users/arafat/.m2/repository/org/openjfx/javafx-base/21.0.6/javafx-base-21.0.6.jar:/Users/arafat/.m2/repository/org/openjfx/javafx-controls/21.0.6/javafx-controls-21.0.6-mac-aarch64.jar:/Users/arafat/.m2/repository/org/openjfx/javafx-controls/21.0.6/javafx-controls-21.0.6.jar:/Users/arafat/.m2/repository/org/openjfx/javafx-graphics/21.0.6/javafx-graphics-21.0.6-mac-aarch64.jar:/Users/arafat/.m2/repository/org/openjfx/javafx-graphics/21.0.6/javafx-graphics-21.0.6.jar --add-modules=javafx.base,javafx.controls,javafx.graphics 
java_command: org.example.cluedo.AppCluedo
java_class_path (initial): /Users/arafat/Downloads/CluedoInterfaceGraphique/target/classes
Launcher Type: SUN_STANDARD

[Global flags]
     intx CICompilerCount                          = 4                                         {product} {ergonomic}
     uint ConcGCThreads                            = 2                                         {product} {ergonomic}
     uint G1ConcRefinementThreads                  = 8                                         {product} {ergonomic}
   size_t G1HeapRegionSize                         = 1048576                                   {product} {ergonomic}
   size_t InitialHeapSize                          = 134217728                                 {product} {ergonomic}
   size_t MarkStackSize                            = 4194304                                   {product} {ergonomic}
   size_t MarkStackSizeMax                         = 536870912                                 {product} {ergonomic}
   size_t MaxHeapSize                              = 2147483648                                {product} {ergonomic}
   size_t MaxNewSize                               = 1287651328                                {product} {ergonomic}
   size_t MinHeapDeltaBytes                        = 1048576                                   {product} {ergonomic}
   size_t MinHeapSize                              = 8388608                                   {product} {ergonomic}
    uintx NonNMethodCodeHeapSize                   = 5832704                                {pd product} {ergonomic}
    uintx NonProfiledCodeHeapSize                  = 122929152                              {pd product} {ergonomic}
    uintx ProfiledCodeHeapSize                     = 122896384                              {pd product} {ergonomic}
    uintx ReservedCodeCacheSize                    = 251658240                              {pd product} {ergonomic}
     bool SegmentedCodeCache                       = true                                      {product} {ergonomic}
   size_t SoftMaxHeapSize                          = 2147483648                             {manageable} {ergonomic}
     bool UseCompressedOops                        = true                           {product lp64_product} {ergonomic}
     bool UseG1GC                                  = true                                      {product} {ergonomic}
     bool UseNUMA                                  = false                                     {product} {ergonomic}
     bool UseNUMAInterleaving                      = false                                     {product} {ergonomic}

Logging:
Log output configuration:
 #0: stdout all=warning uptime,level,tags foldmultilines=false
 #1: stderr all=off uptime,level,tags foldmultilines=false

Release file:
IMPLEMENTOR="Homebrew"
IMPLEMENTOR_VERSION="Homebrew"
JAVA_RUNTIME_VERSION="25.0.2"
JAVA_VERSION="25.0.2"
JAVA_VERSION_DATE="2026-01-20"
LIBC="default"
MODULES="java.base java.compiler java.datatransfer java.xml java.prefs java.desktop java.instrument java.logging java.management java.security.sasl java.naming java.rmi java.management.rmi java.net.http java.scripting java.security.jgss java.transaction.xa java.sql java.sql.rowset java.xml.crypto java.se java.smartcardio jdk.accessibility jdk.internal.jvmstat jdk.attach jdk.charsets jdk.internal.opt jdk.zipfs jdk.compiler jdk.crypto.cryptoki jdk.crypto.ec jdk.dynalink jdk.internal.ed jdk.editpad jdk.internal.vm.ci jdk.graal.compiler jdk.graal.compiler.management jdk.hotspot.agent jdk.httpserver jdk.incubator.vector jdk.internal.le jdk.internal.md jdk.jartool jdk.javadoc jdk.jcmd jdk.management jdk.management.agent jdk.jconsole jdk.jdeps jdk.jdwp.agent jdk.jdi jdk.jfr jdk.jlink jdk.jpackage jdk.jshell jdk.jsobject jdk.jstatd jdk.localedata jdk.management.jfr jdk.naming.dns jdk.naming.rmi jdk.net jdk.nio.mapmode jdk.sctp jdk.security.auth jdk.security.jgss jdk.unsupported jdk.unsupported.desktop jdk.xml.dom"
OS_ARCH="aarch64"
OS_NAME="Darwin"
SOURCE=""

Environment Variables:
JAVA_HOME=/opt/homebrew/opt/openjdk/libexec/openjdk.jdk/Contents/Home
PATH=/opt/homebrew/bin:/opt/homebrew/sbin:/Library/Frameworks/Python.framework/Versions/3.12/bin:/usr/local/bin:/System/Cryptexes/App/usr/bin:/usr/bin:/bin:/usr/sbin:/sbin:/var/run/com.apple.security.cryptexd/codex.system/bootstrap/usr/local/bin:/var/run/com.apple.security.cryptexd/codex.system/bootstrap/usr/bin:/var/run/com.apple.security.cryptexd/codex.system/bootstrap/usr/appleinternal/bin:/opt/pmk/env/global/bin:/Users/arafat/Library/Application Support/JetBrains/Toolbox/scripts
SHELL=/bin/zsh
LANG=C.UTF-8
LC_CTYPE=UTF-8
TERM=xterm-256color
TMPDIR=/var/folders/p_/fxjm1kln2vqdppystyf8jlm40000gn/T/

Active Locale:
LC_ALL=C.UTF-8/UTF-8/C.UTF-8/C.UTF-8/C.UTF-8/C.UTF-8
LC_COLLATE=C.UTF-8
LC_CTYPE=UTF-8
LC_MESSAGES=C.UTF-8
LC_MONETARY=C.UTF-8
LC_NUMERIC=C.UTF-8
LC_TIME=C.UTF-8

Signal Handlers:
   SIGSEGV: crash_handler in libjvm.dylib, mask=11100110000111110111111111111111, flags=SA_ONSTACK|SA_RESTART|SA_SIGINFO, unblocked
    SIGBUS: crash_handler in libjvm.dylib, mask=11100110000111110111111111111111, flags=SA_RESTART|SA_SIGINFO, unblocked
    SIGFPE: crash_handler in libjvm.dylib, mask=11100110000111110111111111111111, flags=SA_RESTART|SA_SIGINFO, unblocked
   SIGPIPE: javaSignalHandler in libjvm.dylib, mask=11100110000111110111111111111111, flags=SA_RESTART|SA_SIGINFO, blocked
   SIGXFSZ: javaSignalHandler in libjvm.dylib, mask=11100110000111110111111111111111, flags=SA_RESTART|SA_SIGINFO, blocked
    SIGILL: crash_handler in libjvm.dylib, mask=11100110000111110111111111111111, flags=SA_RESTART|SA_SIGINFO, unblocked
   SIGUSR2: SR_handler in libjvm.dylib, mask=00000000000000000000000000000000, flags=SA_RESTART|SA_SIGINFO, blocked
    SIGHUP: UserHandler in libjvm.dylib, mask=11100110000111110111111111111111, flags=SA_RESTART|SA_SIGINFO, blocked
    SIGINT: UserHandler in libjvm.dylib, mask=11100110000111110111111111111111, flags=SA_RESTART|SA_SIGINFO, blocked
   SIGTERM: UserHandler in libjvm.dylib, mask=11100110000111110111111111111111, flags=SA_RESTART|SA_SIGINFO, blocked
   SIGQUIT: UserHandler in libjvm.dylib, mask=11100110000111110111111111111111, flags=SA_RESTART|SA_SIGINFO, blocked
   SIGTRAP: crash_handler in libjvm.dylib, mask=11100110000111110111111111111111, flags=SA_RESTART|SA_SIGINFO, unblocked


Compilation memory statistics disabled.

Periodic native trim disabled

---------------  S Y S T E M  ---------------

OS:
uname: Darwin 25.2.0 Darwin Kernel Version 25.2.0: Tue Nov 18 21:09:55 PST 2025; root:xnu-12377.61.12~1/RELEASE_ARM64_T8103 arm64
OS uptime: 37 days 1:04 hours
rlimit (soft/hard): STACK 8176k/65520k , CORE 0k/infinity , NPROC 1333/2000 , NOFILE 1048576/infinity , AS infinity/infinity , CPU infinity/infinity , DATA infinity/infinity , FSIZE infinity/infinity , MEMLOCK infinity/infinity , RSS infinity/infinity
load average: 2.86 2.94 3.54

CPU: total 8 (initial active 8) 0x61:0x0:0x1b588bb3:0, fp, asimd, aes, pmull, sha1, sha256, crc32, lse, sha3, sha512
machdep.cpu.brand_string:Apple M1
hw.cachelinesize:128
hw.l1icachesize:131072
hw.l1dcachesize:65536
hw.l2cachesize:4194304

Memory: 16k page, physical 8388608k(165520k free), swap 5242880k(1134656k free)

vm_info: OpenJDK 64-Bit Server VM (25.0.2) for bsd-aarch64 JRE (25.0.2), built on 2025-12-18T08:04:02Z with clang Apple LLVM 17.0.0 (clang-1700.6.3.2)

END.
